#sample weather CSV file,
$state_name=California,
$city_name=Sacramento,
#month:day:hour:minute:second,
solar_diff,temperature,humidity,
07:17:00:00:00,0,60.982,0.7
07:17:00:01:00,0,60.982,0.7
07:17:00:02:00,0,60.982,0.7
07:17:00:03:00,0,60.982,0.7
07:17:00:04:00,0,60.982,0.7
07:17:00:05:00,0,60.982,0.7
07:17:00:06:00,0,60.982,0.7
07:17:00:07:00,0,60.982,0.7
07:17:00:08:00,0,60.982,0.7
07:17:00:09:00,0,60.982,0.7
07:17:00:10:00,0,60.982,0.7
07:17:00:11:00,0,60.982,0.7
07:17:00:12:00,0,60.982,0.7
07:17:00:13:00,0,60.982,0.7
07:17:00:14:00,0,60.982,0.7
07:17:00:15:00,0,60.982,0.7
07:17:00:16:00,0,60.982,0.7
07:17:00:17:00,0,60.982,0.7
07:17:00:18:00,0,60.982,0.7
07:17:00:19:00,0,60.982,0.7
07:17:00:20:00,0,60.982,0.7
07:17:00:21:00,0,60.982,0.7
07:17:00:22:00,0,60.982,0.7
07:17:00:23:00,0,60.982,0.7
07:17:00:24:00,0,60.982,0.7
07:17:00:25:00,0,60.982,0.7
07:17:00:26:00,0,60.982,0.7
07:17:00:27:00,0,60.982,0.7
07:17:00:28:00,0,60.982,0.7
07:17:00:29:00,0,60.982,0.7
07:17:00:30:00,0,60.982,0.7
07:17:00:31:00,0,60.982,0.7
07:17:00:32:00,0,60.982,0.7
07:17:00:33:00,0,60.982,0.7
07:17:00:34:00,0,60.982,0.7
07:17:00:35:00,0,60.982,0.7
07:17:00:36:00,0,60.982,0.7
07:17:00:37:00,0,60.982,0.7
07:17:00:38:00,0,60.982,0.7
07:17:00:39:00,0,60.982,0.7
07:17:00:40:00,0,60.982,0.7
07:17:00:41:00,0,60.982,0.7
07:17:00:42:00,0,60.982,0.7
07:17:00:43:00,0,60.982,0.7
07:17:00:44:00,0,60.982,0.7
07:17:00:45:00,0,60.982,0.7
07:17:00:46:00,0,60.982,0.7
07:17:00:47:00,0,60.982,0.7
07:17:00:48:00,0,60.982,0.7
07:17:00:49:00,0,60.982,0.7
07:17:00:50:00,0,60.982,0.7
07:17:00:51:00,0,60.982,0.7
07:17:00:52:00,0,60.982,0.7
07:17:00:53:00,0,60.982,0.7
07:17:00:54:00,0,60.982,0.7
07:17:00:55:00,0,60.982,0.7
07:17:00:56:00,0,60.982,0.7
07:17:00:57:00,0,60.982,0.7
07:17:00:58:00,0,60.982,0.7
07:17:00:59:00,0,60.982,0.7
07:17:01:00:00,0,59.902,0.72
07:17:01:01:00,0,59.902,0.72
07:17:01:02:00,0,59.902,0.72
07:17:01:03:00,0,59.902,0.72
07:17:01:04:00,0,59.902,0.72
07:17:01:05:00,0,59.902,0.72
07:17:01:06:00,0,59.902,0.72
07:17:01:07:00,0,59.902,0.72
07:17:01:08:00,0,59.902,0.72
07:17:01:09:00,0,59.902,0.72
07:17:01:10:00,0,59.902,0.72
07:17:01:11:00,0,59.902,0.72
07:17:01:12:00,0,59.902,0.72
07:17:01:13:00,0,59.902,0.72
07:17:01:14:00,0,59.902,0.72
07:17:01:15:00,0,59.902,0.72
07:17:01:16:00,0,59.902,0.72
07:17:01:17:00,0,59.902,0.72
07:17:01:18:00,0,59.902,0.72
07:17:01:19:00,0,59.902,0.72
07:17:01:20:00,0,59.902,0.72
07:17:01:21:00,0,59.902,0.72
07:17:01:22:00,0,59.902,0.72
07:17:01:23:00,0,59.902,0.72
07:17:01:24:00,0,59.902,0.72
07:17:01:25:00,0,59.902,0.72
07:17:01:26:00,0,59.902,0.72
07:17:01:27:00,0,59.902,0.72
07:17:01:28:00,0,59.902,0.72
07:17:01:29:00,0,59.902,0.72
07:17:01:30:00,0,59.902,0.72
07:17:01:31:00,0,59.902,0.72
07:17:01:32:00,0,59.902,0.72
07:17:01:33:00,0,59.902,0.72
07:17:01:34:00,0,59.902,0.72
07:17:01:35:00,0,59.902,0.72
07:17:01:36:00,0,59.902,0.72
07:17:01:37:00,0,59.902,0.72
07:17:01:38:00,0,59.902,0.72
07:17:01:39:00,0,59.902,0.72
07:17:01:40:00,0,59.902,0.72
07:17:01:41:00,0,59.902,0.72
07:17:01:42:00,0,59.902,0.72
07:17:01:43:00,0,59.902,0.72
07:17:01:44:00,0,59.902,0.72
07:17:01:45:00,0,59.902,0.72
07:17:01:46:00,0,59.902,0.72
07:17:01:47:00,0,59.902,0.72
07:17:01:48:00,0,59.902,0.72
07:17:01:49:00,0,59.902,0.72
07:17:01:50:00,0,59.902,0.72
07:17:01:51:00,0,59.902,0.72
07:17:01:52:00,0,59.902,0.72
07:17:01:53:00,0,59.902,0.72
07:17:01:54:00,0,59.902,0.72
07:17:01:55:00,0,59.902,0.72
07:17:01:56:00,0,59.902,0.72
07:17:01:57:00,0,59.902,0.72
07:17:01:58:00,0,59.902,0.72
07:17:01:59:00,0,59.902,0.72
07:17:02:00:00,0,59.002,0.73
07:17:02:01:00,0,59.002,0.73
07:17:02:02:00,0,59.002,0.73
07:17:02:03:00,0,59.002,0.73
07:17:02:04:00,0,59.002,0.73
07:17:02:05:00,0,59.002,0.73
07:17:02:06:00,0,59.002,0.73
07:17:02:07:00,0,59.002,0.73
07:17:02:08:00,0,59.002,0.73
07:17:02:09:00,0,59.002,0.73
07:17:02:10:00,0,59.002,0.73
07:17:02:11:00,0,59.002,0.73
07:17:02:12:00,0,59.002,0.73
07:17:02:13:00,0,59.002,0.73
07:17:02:14:00,0,59.002,0.73
07:17:02:15:00,0,59.002,0.73
07:17:02:16:00,0,59.002,0.73
07:17:02:17:00,0,59.002,0.73
07:17:02:18:00,0,59.002,0.73
07:17:02:19:00,0,59.002,0.73
07:17:02:20:00,0,59.002,0.73
07:17:02:21:00,0,59.002,0.73
07:17:02:22:00,0,59.002,0.73
07:17:02:23:00,0,59.002,0.73
07:17:02:24:00,0,59.002,0.73
07:17:02:25:00,0,59.002,0.73
07:17:02:26:00,0,59.002,0.73
07:17:02:27:00,0,59.002,0.73
07:17:02:28:00,0,59.002,0.73
07:17:02:29:00,0,59.002,0.73
07:17:02:30:00,0,59.002,0.73
07:17:02:31:00,0,59.002,0.73
07:17:02:32:00,0,59.002,0.73
07:17:02:33:00,0,59.002,0.73
07:17:02:34:00,0,59.002,0.73
07:17:02:35:00,0,59.002,0.73
07:17:02:36:00,0,59.002,0.73
07:17:02:37:00,0,59.002,0.73
07:17:02:38:00,0,59.002,0.73
07:17:02:39:00,0,59.002,0.73
07:17:02:40:00,0,59.002,0.73
07:17:02:41:00,0,59.002,0.73
07:17:02:42:00,0,59.002,0.73
07:17:02:43:00,0,59.002,0.73
07:17:02:44:00,0,59.002,0.73
07:17:02:45:00,0,59.002,0.73
07:17:02:46:00,0,59.002,0.73
07:17:02:47:00,0,59.002,0.73
07:17:02:48:00,0,59.002,0.73
07:17:02:49:00,0,59.002,0.73
07:17:02:50:00,0,59.002,0.73
07:17:02:51:00,0,59.002,0.73
07:17:02:52:00,0,59.002,0.73
07:17:02:53:00,0,59.002,0.73
07:17:02:54:00,0,59.002,0.73
07:17:02:55:00,0,59.002,0.73
07:17:02:56:00,0,59.002,0.73
07:17:02:57:00,0,59.002,0.73
07:17:02:58:00,0,59.002,0.73
07:17:02:59:00,0,59.002,0.73
07:17:03:00:00,0,57.922,0.75
07:17:03:01:00,0,57.922,0.75
07:17:03:02:00,0,57.922,0.75
07:17:03:03:00,0,57.922,0.75
07:17:03:04:00,0,57.922,0.75
07:17:03:05:00,0,57.922,0.75
07:17:03:06:00,0,57.922,0.75
07:17:03:07:00,0,57.922,0.75
07:17:03:08:00,0,57.922,0.75
07:17:03:09:00,0,57.922,0.75
07:17:03:10:00,0,57.922,0.75
07:17:03:11:00,0,57.922,0.75
07:17:03:12:00,0,57.922,0.75
07:17:03:13:00,0,57.922,0.75
07:17:03:14:00,0,57.922,0.75
07:17:03:15:00,0,57.922,0.75
07:17:03:16:00,0,57.922,0.75
07:17:03:17:00,0,57.922,0.75
07:17:03:18:00,0,57.922,0.75
07:17:03:19:00,0,57.922,0.75
07:17:03:20:00,0,57.922,0.75
07:17:03:21:00,0,57.922,0.75
07:17:03:22:00,0,57.922,0.75
07:17:03:23:00,0,57.922,0.75
07:17:03:24:00,0,57.922,0.75
07:17:03:25:00,0,57.922,0.75
07:17:03:26:00,0,57.922,0.75
07:17:03:27:00,0,57.922,0.75
07:17:03:28:00,0,57.922,0.75
07:17:03:29:00,0,57.922,0.75
07:17:03:30:00,0,57.922,0.75
07:17:03:31:00,0,57.922,0.75
07:17:03:32:00,0,57.922,0.75
07:17:03:33:00,0,57.922,0.75
07:17:03:34:00,0,57.922,0.75
07:17:03:35:00,0,57.922,0.75
07:17:03:36:00,0,57.922,0.75
07:17:03:37:00,0,57.922,0.75
07:17:03:38:00,0,57.922,0.75
07:17:03:39:00,0,57.922,0.75
07:17:03:40:00,0,57.922,0.75
07:17:03:41:00,0,57.922,0.75
07:17:03:42:00,0,57.922,0.75
07:17:03:43:00,0,57.922,0.75
07:17:03:44:00,0,57.922,0.75
07:17:03:45:00,0,57.922,0.75
07:17:03:46:00,0,57.922,0.75
07:17:03:47:00,0,57.922,0.75
07:17:03:48:00,0,57.922,0.75
07:17:03:49:00,0,57.922,0.75
07:17:03:50:00,0,57.922,0.75
07:17:03:51:00,0,57.922,0.75
07:17:03:52:00,0,57.922,0.75
07:17:03:53:00,0,57.922,0.75
07:17:03:54:00,0,57.922,0.75
07:17:03:55:00,0,57.922,0.75
07:17:03:56:00,0,57.922,0.75
07:17:03:57:00,0,57.922,0.75
07:17:03:58:00,0,57.922,0.75
07:17:03:59:00,0,57.922,0.75
07:17:04:00:00,0,59.902,0.73
07:17:04:01:00,0,59.902,0.73
07:17:04:02:00,0,59.902,0.73
07:17:04:03:00,0,59.902,0.73
07:17:04:04:00,0,59.902,0.73
07:17:04:05:00,0,59.902,0.73
07:17:04:06:00,0,59.902,0.73
07:17:04:07:00,0,59.902,0.73
07:17:04:08:00,0,59.902,0.73
07:17:04:09:00,0,59.902,0.73
07:17:04:10:00,0,59.902,0.73
07:17:04:11:00,0,59.902,0.73
07:17:04:12:00,0,59.902,0.73
07:17:04:13:00,0,59.902,0.73
07:17:04:14:00,0,59.902,0.73
07:17:04:15:00,0,59.902,0.73
07:17:04:16:00,0,59.902,0.73
07:17:04:17:00,0,59.902,0.73
07:17:04:18:00,0,59.902,0.73
07:17:04:19:00,0,59.902,0.73
07:17:04:20:00,0,59.902,0.73
07:17:04:21:00,0,59.902,0.73
07:17:04:22:00,0,59.902,0.73
07:17:04:23:00,0,59.902,0.73
07:17:04:24:00,0,59.902,0.73
07:17:04:25:00,0,59.902,0.73
07:17:04:26:00,0,59.902,0.73
07:17:04:27:00,0,59.902,0.73
07:17:04:28:00,0,59.902,0.73
07:17:04:29:00,0,59.902,0.73
07:17:04:30:00,0,59.902,0.73
07:17:04:31:00,0,59.902,0.73
07:17:04:32:00,0,59.902,0.73
07:17:04:33:00,0,59.902,0.73
07:17:04:34:00,0,59.902,0.73
07:17:04:35:00,0,59.902,0.73
07:17:04:36:00,0,59.902,0.73
07:17:04:37:00,0,59.902,0.73
07:17:04:38:00,0,59.902,0.73
07:17:04:39:00,0,59.902,0.73
07:17:04:40:00,0,59.902,0.73
07:17:04:41:00,0,59.902,0.73
07:17:04:42:00,0,59.902,0.73
07:17:04:43:00,0,59.902,0.73
07:17:04:44:00,0,59.902,0.73
07:17:04:45:00,0,59.902,0.73
07:17:04:46:00,0,59.902,0.73
07:17:04:47:00,0,59.902,0.73
07:17:04:48:00,0,59.902,0.73
07:17:04:49:00,0,59.902,0.73
07:17:04:50:00,0,59.902,0.73
07:17:04:51:00,0,59.902,0.73
07:17:04:52:00,0,59.902,0.73
07:17:04:53:00,0,59.902,0.73
07:17:04:54:00,0,59.902,0.73
07:17:04:55:00,0,59.902,0.73
07:17:04:56:00,0,59.902,0.73
07:17:04:57:00,0,59.902,0.73
07:17:04:58:00,0,59.902,0.73
07:17:04:59:00,0,59.902,0.73
07:17:05:00:00,6.3401,62.062,0.7
07:17:05:01:00,6.3401,62.062,0.7
07:17:05:02:00,6.3401,62.062,0.7
07:17:05:03:00,6.3401,62.062,0.7
07:17:05:04:00,6.3401,62.062,0.7
07:17:05:05:00,6.3401,62.062,0.7
07:17:05:06:00,6.3401,62.062,0.7
07:17:05:07:00,6.3401,62.062,0.7
07:17:05:08:00,6.3401,62.062,0.7
07:17:05:09:00,6.3401,62.062,0.7
07:17:05:10:00,6.3401,62.062,0.7
07:17:05:11:00,6.3401,62.062,0.7
07:17:05:12:00,6.3401,62.062,0.7
07:17:05:13:00,6.3401,62.062,0.7
07:17:05:14:00,6.3401,62.062,0.7
07:17:05:15:00,6.3401,62.062,0.7
07:17:05:16:00,6.3401,62.062,0.7
07:17:05:17:00,6.3401,62.062,0.7
07:17:05:18:00,6.3401,62.062,0.7
07:17:05:19:00,6.3401,62.062,0.7
07:17:05:20:00,6.3401,62.062,0.7
07:17:05:21:00,6.3401,62.062,0.7
07:17:05:22:00,6.3401,62.062,0.7
07:17:05:23:00,6.3401,62.062,0.7
07:17:05:24:00,6.3401,62.062,0.7
07:17:05:25:00,6.3401,62.062,0.7
07:17:05:26:00,6.3401,62.062,0.7
07:17:05:27:00,6.3401,62.062,0.7
07:17:05:28:00,6.3401,62.062,0.7
07:17:05:29:00,6.3401,62.062,0.7
07:17:05:30:00,6.3401,62.062,0.7
07:17:05:31:00,6.3401,62.062,0.7
07:17:05:32:00,6.3401,62.062,0.7
07:17:05:33:00,6.3401,62.062,0.7
07:17:05:34:00,6.3401,62.062,0.7
07:17:05:35:00,6.3401,62.062,0.7
07:17:05:36:00,6.3401,62.062,0.7
07:17:05:37:00,6.3401,62.062,0.7
07:17:05:38:00,6.3401,62.062,0.7
07:17:05:39:00,6.3401,62.062,0.7
07:17:05:40:00,6.3401,62.062,0.7
07:17:05:41:00,6.3401,62.062,0.7
07:17:05:42:00,6.3401,62.062,0.7
07:17:05:43:00,6.3401,62.062,0.7
07:17:05:44:00,6.3401,62.062,0.7
07:17:05:45:00,6.3401,62.062,0.7
07:17:05:46:00,6.3401,62.062,0.7
07:17:05:47:00,6.3401,62.062,0.7
07:17:05:48:00,6.3401,62.062,0.7
07:17:05:49:00,6.3401,62.062,0.7
07:17:05:50:00,6.3401,62.062,0.7
07:17:05:51:00,6.3401,62.062,0.7
07:17:05:52:00,6.3401,62.062,0.7
07:17:05:53:00,6.3401,62.062,0.7
07:17:05:54:00,6.3401,62.062,0.7
07:17:05:55:00,6.3401,62.062,0.7
07:17:05:56:00,6.3401,62.062,0.7
07:17:05:57:00,6.3401,62.062,0.7
07:17:05:58:00,6.3401,62.062,0.7
07:17:05:59:00,6.3401,62.062,0.7
07:17:06:00:00,24.2407,64.042,0.68
07:17:06:01:00,24.2407,64.042,0.68
07:17:06:02:00,24.2407,64.042,0.68
07:17:06:03:00,24.2407,64.042,0.68
07:17:06:04:00,24.2407,64.042,0.68
07:17:06:05:00,24.2407,64.042,0.68
07:17:06:06:00,24.2407,64.042,0.68
07:17:06:07:00,24.2407,64.042,0.68
07:17:06:08:00,24.2407,64.042,0.68
07:17:06:09:00,24.2407,64.042,0.68
07:17:06:10:00,24.2407,64.042,0.68
07:17:06:11:00,24.2407,64.042,0.68
07:17:06:12:00,24.2407,64.042,0.68
07:17:06:13:00,24.2407,64.042,0.68
07:17:06:14:00,24.2407,64.042,0.68
07:17:06:15:00,24.2407,64.042,0.68
07:17:06:16:00,24.2407,64.042,0.68
07:17:06:17:00,24.2407,64.042,0.68
07:17:06:18:00,24.2407,64.042,0.68
07:17:06:19:00,24.2407,64.042,0.68
07:17:06:20:00,24.2407,64.042,0.68
07:17:06:21:00,24.2407,64.042,0.68
07:17:06:22:00,24.2407,64.042,0.68
07:17:06:23:00,24.2407,64.042,0.68
07:17:06:24:00,24.2407,64.042,0.68
07:17:06:25:00,24.2407,64.042,0.68
07:17:06:26:00,24.2407,64.042,0.68
07:17:06:27:00,24.2407,64.042,0.68
07:17:06:28:00,24.2407,64.042,0.68
07:17:06:29:00,24.2407,64.042,0.68
07:17:06:30:00,24.2407,64.042,0.68
07:17:06:31:00,24.2407,64.042,0.68
07:17:06:32:00,24.2407,64.042,0.68
07:17:06:33:00,24.2407,64.042,0.68
07:17:06:34:00,24.2407,64.042,0.68
07:17:06:35:00,24.2407,64.042,0.68
07:17:06:36:00,24.2407,64.042,0.68
07:17:06:37:00,24.2407,64.042,0.68
07:17:06:38:00,24.2407,64.042,0.68
07:17:06:39:00,24.2407,64.042,0.68
07:17:06:40:00,24.2407,64.042,0.68
07:17:06:41:00,24.2407,64.042,0.68
07:17:06:42:00,24.2407,64.042,0.68
07:17:06:43:00,24.2407,64.042,0.68
07:17:06:44:00,24.2407,64.042,0.68
07:17:06:45:00,24.2407,64.042,0.68
07:17:06:46:00,24.2407,64.042,0.68
07:17:06:47:00,24.2407,64.042,0.68
07:17:06:48:00,24.2407,64.042,0.68
07:17:06:49:00,24.2407,64.042,0.68
07:17:06:50:00,24.2407,64.042,0.68
07:17:06:51:00,24.2407,64.042,0.68
07:17:06:52:00,24.2407,64.042,0.68
07:17:06:53:00,24.2407,64.042,0.68
07:17:06:54:00,24.2407,64.042,0.68
07:17:06:55:00,24.2407,64.042,0.68
07:17:06:56:00,24.2407,64.042,0.68
07:17:06:57:00,24.2407,64.042,0.68
07:17:06:58:00,24.2407,64.042,0.68
07:17:06:59:00,24.2407,64.042,0.68
07:17:07:00:00,44.6734,69.622,0.58
07:17:07:01:00,44.6734,69.622,0.58
07:17:07:02:00,44.6734,69.622,0.58
07:17:07:03:00,44.6734,69.622,0.58
07:17:07:04:00,44.6734,69.622,0.58
07:17:07:05:00,44.6734,69.622,0.58
07:17:07:06:00,44.6734,69.622,0.58
07:17:07:07:00,44.6734,69.622,0.58
07:17:07:08:00,44.6734,69.622,0.58
07:17:07:09:00,44.6734,69.622,0.58
07:17:07:10:00,44.6734,69.622,0.58
07:17:07:11:00,44.6734,69.622,0.58
07:17:07:12:00,44.6734,69.622,0.58
07:17:07:13:00,44.6734,69.622,0.58
07:17:07:14:00,44.6734,69.622,0.58
07:17:07:15:00,44.6734,69.622,0.58
07:17:07:16:00,44.6734,69.622,0.58
07:17:07:17:00,44.6734,69.622,0.58
07:17:07:18:00,44.6734,69.622,0.58
07:17:07:19:00,44.6734,69.622,0.58
07:17:07:20:00,44.6734,69.622,0.58
07:17:07:21:00,44.6734,69.622,0.58
07:17:07:22:00,44.6734,69.622,0.58
07:17:07:23:00,44.6734,69.622,0.58
07:17:07:24:00,44.6734,69.622,0.58
07:17:07:25:00,44.6734,69.622,0.58
07:17:07:26:00,44.6734,69.622,0.58
07:17:07:27:00,44.6734,69.622,0.58
07:17:07:28:00,44.6734,69.622,0.58
07:17:07:29:00,44.6734,69.622,0.58
07:17:07:30:00,44.6734,69.622,0.58
07:17:07:31:00,44.6734,69.622,0.58
07:17:07:32:00,44.6734,69.622,0.58
07:17:07:33:00,44.6734,69.622,0.58
07:17:07:34:00,44.6734,69.622,0.58
07:17:07:35:00,44.6734,69.622,0.58
07:17:07:36:00,44.6734,69.622,0.58
07:17:07:37:00,44.6734,69.622,0.58
07:17:07:38:00,44.6734,69.622,0.58
07:17:07:39:00,44.6734,69.622,0.58
07:17:07:40:00,44.6734,69.622,0.58
07:17:07:41:00,44.6734,69.622,0.58
07:17:07:42:00,44.6734,69.622,0.58
07:17:07:43:00,44.6734,69.622,0.58
07:17:07:44:00,44.6734,69.622,0.58
07:17:07:45:00,44.6734,69.622,0.58
07:17:07:46:00,44.6734,69.622,0.58
07:17:07:47:00,44.6734,69.622,0.58
07:17:07:48:00,44.6734,69.622,0.58
07:17:07:49:00,44.6734,69.622,0.58
07:17:07:50:00,44.6734,69.622,0.58
07:17:07:51:00,44.6734,69.622,0.58
07:17:07:52:00,44.6734,69.622,0.58
07:17:07:53:00,44.6734,69.622,0.58
07:17:07:54:00,44.6734,69.622,0.58
07:17:07:55:00,44.6734,69.622,0.58
07:17:07:56:00,44.6734,69.622,0.58
07:17:07:57:00,44.6734,69.622,0.58
07:17:07:58:00,44.6734,69.622,0.58
07:17:07:59:00,44.6734,69.622,0.58
07:17:08:00:00,62.7978,75.382,0.49
07:17:08:01:00,62.7978,75.382,0.49
07:17:08:02:00,62.7978,75.382,0.49
07:17:08:03:00,62.7978,75.382,0.49
07:17:08:04:00,62.7978,75.382,0.49
07:17:08:05:00,62.7978,75.382,0.49
07:17:08:06:00,62.7978,75.382,0.49
07:17:08:07:00,62.7978,75.382,0.49
07:17:08:08:00,62.7978,75.382,0.49
07:17:08:09:00,62.7978,75.382,0.49
07:17:08:10:00,62.7978,75.382,0.49
07:17:08:11:00,62.7978,75.382,0.49
07:17:08:12:00,62.7978,75.382,0.49
07:17:08:13:00,62.7978,75.382,0.49
07:17:08:14:00,62.7978,75.382,0.49
07:17:08:15:00,62.7978,75.382,0.49
07:17:08:16:00,62.7978,75.382,0.49
07:17:08:17:00,62.7978,75.382,0.49
07:17:08:18:00,62.7978,75.382,0.49
07:17:08:19:00,62.7978,75.382,0.49
07:17:08:20:00,62.7978,75.382,0.49
07:17:08:21:00,62.7978,75.382,0.49
07:17:08:22:00,62.7978,75.382,0.49
07:17:08:23:00,62.7978,75.382,0.49
07:17:08:24:00,62.7978,75.382,0.49
07:17:08:25:00,62.7978,75.382,0.49
07:17:08:26:00,62.7978,75.382,0.49
07:17:08:27:00,62.7978,75.382,0.49
07:17:08:28:00,62.7978,75.382,0.49
07:17:08:29:00,62.7978,75.382,0.49
07:17:08:30:00,62.7978,75.382,0.49
07:17:08:31:00,62.7978,75.382,0.49
07:17:08:32:00,62.7978,75.382,0.49
07:17:08:33:00,62.7978,75.382,0.49
07:17:08:34:00,62.7978,75.382,0.49
07:17:08:35:00,62.7978,75.382,0.49
07:17:08:36:00,62.7978,75.382,0.49
07:17:08:37:00,62.7978,75.382,0.49
07:17:08:38:00,62.7978,75.382,0.49
07:17:08:39:00,62.7978,75.382,0.49
07:17:08:40:00,62.7978,75.382,0.49
07:17:08:41:00,62.7978,75.382,0.49
07:17:08:42:00,62.7978,75.382,0.49
07:17:08:43:00,62.7978,75.382,0.49
07:17:08:44:00,62.7978,75.382,0.49
07:17:08:45:00,62.7978,75.382,0.49
07:17:08:46:00,62.7978,75.382,0.49
07:17:08:47:00,62.7978,75.382,0.49
07:17:08:48:00,62.7978,75.382,0.49
07:17:08:49:00,62.7978,75.382,0.49
07:17:08:50:00,62.7978,75.382,0.49
07:17:08:51:00,62.7978,75.382,0.49
07:17:08:52:00,62.7978,75.382,0.49
07:17:08:53:00,62.7978,75.382,0.49
07:17:08:54:00,62.7978,75.382,0.49
07:17:08:55:00,62.7978,75.382,0.49
07:17:08:56:00,62.7978,75.382,0.49
07:17:08:57:00,62.7978,75.382,0.49
07:17:08:58:00,62.7978,75.382,0.49
07:17:08:59:00,62.7978,75.382,0.49
07:17:09:00:00,77.4496,80.962,0.39
07:17:09:01:00,77.4496,80.962,0.39
07:17:09:02:00,77.4496,80.962,0.39
07:17:09:03:00,77.4496,80.962,0.39
07:17:09:04:00,77.4496,80.962,0.39
07:17:09:05:00,77.4496,80.962,0.39
07:17:09:06:00,77.4496,80.962,0.39
07:17:09:07:00,77.4496,80.962,0.39
07:17:09:08:00,77.4496,80.962,0.39
07:17:09:09:00,77.4496,80.962,0.39
07:17:09:10:00,77.4496,80.962,0.39
07:17:09:11:00,77.4496,80.962,0.39
07:17:09:12:00,77.4496,80.962,0.39
07:17:09:13:00,77.4496,80.962,0.39
07:17:09:14:00,77.4496,80.962,0.39
07:17:09:15:00,77.4496,80.962,0.39
07:17:09:16:00,77.4496,80.962,0.39
07:17:09:17:00,20,80.962,0.39
07:17:09:18:00,20,80.962,0.39
07:17:09:19:00,20,80.962,0.39
07:17:09:20:00,20,80.962,0.39
07:17:09:21:00,20,80.962,0.39
07:17:09:22:00,20,80.962,0.39
07:17:09:23:00,77.4496,80.962,0.39
07:17:09:24:00,77.4496,80.962,0.39
07:17:09:25:00,77.4496,80.962,0.39
07:17:09:26:00,77.4496,80.962,0.39
07:17:09:27:00,77.4496,80.962,0.39
07:17:09:28:00,77.4496,80.962,0.39
07:17:09:29:00,77.4496,80.962,0.39
07:17:09:30:00,77.4496,80.962,0.39
07:17:09:31:00,77.4496,80.962,0.39
07:17:09:32:00,77.4496,80.962,0.39
07:17:09:33:00,77.4496,80.962,0.39
07:17:09:34:00,77.4496,80.962,0.39
07:17:09:35:00,77.4496,80.962,0.39
07:17:09:36:00,77.4496,80.962,0.39
07:17:09:37:00,77.4496,80.962,0.39
07:17:09:38:00,77.4496,80.962,0.39
07:17:09:39:00,77.4496,80.962,0.39
07:17:09:40:00,77.4496,80.962,0.39
07:17:09:41:00,40,80.962,0.39
07:17:09:42:00,40,80.962,0.39
07:17:09:43:00,40,80.962,0.39
07:17:09:44:00,40,80.962,0.39
07:17:09:45:00,40,80.962,0.39
07:17:09:46:00,40,80.962,0.39
07:17:09:47:00,40,80.962,0.39
07:17:09:48:00,40,80.962,0.39
07:17:09:49:00,40,80.962,0.39
07:17:09:50:00,40,80.962,0.39
07:17:09:51:00,40,80.962,0.39
07:17:09:52:00,40,80.962,0.39
07:17:09:53:00,40,80.962,0.39
07:17:09:54:00,40,80.962,0.39
07:17:09:55:00,40,80.962,0.39
07:17:09:56:00,40,80.962,0.39
07:17:09:57:00,40,80.962,0.39
07:17:09:58:00,40,80.962,0.39
07:17:09:59:00,40,80.962,0.39
07:17:10:00:00,70,84.382,0.37
07:17:10:01:00,70,84.382,0.37
07:17:10:02:00,70,84.382,0.37
07:17:10:03:00,70,84.382,0.37
07:17:10:04:00,70,84.382,0.37
07:17:10:05:00,70,84.382,0.37
07:17:10:06:00,70,84.382,0.37
07:17:10:07:00,70,84.382,0.37
07:17:10:08:00,70,84.382,0.37
07:17:10:09:00,70,84.382,0.37
07:17:10:10:00,70,84.382,0.37
07:17:10:11:00,70,84.382,0.37
07:17:10:12:00,70,84.382,0.37
07:17:10:13:00,70,84.382,0.37
07:17:10:14:00,70,84.382,0.37
07:17:10:15:00,70,84.382,0.37
07:17:10:16:00,86.9772,84.382,0.37
07:17:10:17:00,86.9772,84.382,0.37
07:17:10:18:00,86.9772,84.382,0.37
07:17:10:19:00,86.9772,84.382,0.37
07:17:10:20:00,86.9772,84.382,0.37
07:17:10:21:00,86.9772,84.382,0.37
07:17:10:22:00,86.9772,84.382,0.37
07:17:10:23:00,86.9772,84.382,0.37
07:17:10:24:00,86.9772,84.382,0.37
07:17:10:25:00,86.9772,84.382,0.37
07:17:10:26:00,86.9772,84.382,0.37
07:17:10:27:00,86.9772,84.382,0.37
07:17:10:28:00,86.9772,84.382,0.37
07:17:10:29:00,86.9772,84.382,0.37
07:17:10:30:00,86.9772,84.382,0.37
07:17:10:31:00,86.9772,84.382,0.37
07:17:10:32:00,86.9772,84.382,0.37
07:17:10:33:00,86.9772,84.382,0.37
07:17:10:34:00,86.9772,84.382,0.37
07:17:10:35:00,86.9772,84.382,0.37
07:17:10:36:00,86.9772,84.382,0.37
07:17:10:37:00,86.9772,84.382,0.37
07:17:10:38:00,86.9772,84.382,0.37
07:17:10:39:00,86.9772,84.382,0.37
07:17:10:40:00,86.9772,84.382,0.37
07:17:10:41:00,86.9772,84.382,0.37
07:17:10:42:00,86.9772,84.382,0.37
07:17:10:43:00,86.9772,84.382,0.37
07:17:10:44:00,86.9772,84.382,0.37
07:17:10:45:00,86.9772,84.382,0.37
07:17:10:46:00,86.9772,84.382,0.37
07:17:10:47:00,86.9772,84.382,0.37
07:17:10:48:00,86.9772,84.382,0.37
07:17:10:49:00,86.9772,84.382,0.37
07:17:10:50:00,86.9772,84.382,0.37
07:17:10:51:00,86.9772,84.382,0.37
07:17:10:52:00,86.9772,84.382,0.37
07:17:10:53:00,86.9772,84.382,0.37
07:17:10:54:00,86.9772,84.382,0.37
07:17:10:55:00,86.9772,84.382,0.37
07:17:10:56:00,86.9772,84.382,0.37
07:17:10:57:00,86.9772,84.382,0.37
07:17:10:58:00,86.9772,84.382,0.37
07:17:10:59:00,86.9772,84.382,0.37
07:17:11:00:00,91.349,87.622,0.35
07:17:11:01:00,91.349,87.622,0.35
07:17:11:02:00,91.349,87.622,0.35
07:17:11:03:00,91.349,87.622,0.35
07:17:11:04:00,91.349,87.622,0.35
07:17:11:05:00,91.349,87.622,0.35
07:17:11:06:00,91.349,87.622,0.35
07:17:11:07:00,91.349,87.622,0.35
07:17:11:08:00,91.349,87.622,0.35
07:17:11:09:00,91.349,87.622,0.35
07:17:11:10:00,91.349,87.622,0.35
07:17:11:11:00,91.349,87.622,0.35
07:17:11:12:00,91.349,87.622,0.35
07:17:11:13:00,91.349,87.622,0.35
07:17:11:14:00,91.349,87.622,0.35
07:17:11:15:00,91.349,87.622,0.35
07:17:11:16:00,25,87.622,0.35
07:17:11:17:00,25,87.622,0.35
07:17:11:18:00,25,87.622,0.35
07:17:11:19:00,25,87.622,0.35
07:17:11:20:00,25,87.622,0.35
07:17:11:21:00,25,87.622,0.35
07:17:11:22:00,25,87.622,0.35
07:17:11:23:00,25,87.622,0.35
07:17:11:24:00,25,87.622,0.35
07:17:11:25:00,25,87.622,0.35
07:17:11:26:00,25,87.622,0.35
07:17:11:27:00,25,87.622,0.35
07:17:11:28:00,25,87.622,0.35
07:17:11:29:00,25,87.622,0.35
07:17:11:30:00,25,87.622,0.35
07:17:11:31:00,25,87.622,0.35
07:17:11:32:00,25,87.622,0.35
07:17:11:33:00,25,87.622,0.35
07:17:11:34:00,25,87.622,0.35
07:17:11:35:00,25,87.622,0.35
07:17:11:36:00,25,87.622,0.35
07:17:11:37:00,25,87.622,0.35
07:17:11:38:00,40,87.622,0.35
07:17:11:39:00,40,87.622,0.35
07:17:11:40:00,40,87.622,0.35
07:17:11:41:00,40,87.622,0.35
07:17:11:42:00,40,87.622,0.35
07:17:11:43:00,40,87.622,0.35
07:17:11:44:00,40,87.622,0.35
07:17:11:45:00,40,87.622,0.35
07:17:11:46:00,40,87.622,0.35
07:17:11:47:00,40,87.622,0.35
07:17:11:48:00,40,87.622,0.35
07:17:11:49:00,40,87.622,0.35
07:17:11:50:00,40,87.622,0.35
07:17:11:51:00,40,87.622,0.35
07:17:11:52:00,40,87.622,0.35
07:17:11:53:00,40,87.622,0.35
07:17:11:54:00,40,87.622,0.35
07:17:11:55:00,40,87.622,0.35
07:17:11:56:00,40,87.622,0.35
07:17:11:57:00,91.349,87.622,0.35
07:17:11:58:00,91.349,87.622,0.35
07:17:11:59:00,91.349,87.622,0.35
07:17:12:00:00,90.5217,91.042,0.33
07:17:12:01:00,90.5217,91.042,0.33
07:17:12:02:00,90.5217,91.042,0.33
07:17:12:03:00,90.5217,91.042,0.33
07:17:12:04:00,90.5217,91.042,0.33
07:17:12:05:00,90.5217,91.042,0.33
07:17:12:06:00,90.5217,91.042,0.33
07:17:12:07:00,90.5217,91.042,0.33
07:17:12:08:00,90.5217,91.042,0.33
07:17:12:09:00,90.5217,91.042,0.33
07:17:12:10:00,90.5217,91.042,0.33
07:17:12:11:00,90.5217,91.042,0.33
07:17:12:12:00,90.5217,91.042,0.33
07:17:12:13:00,90.5217,91.042,0.33
07:17:12:14:00,90.5217,91.042,0.33
07:17:12:15:00,90.5217,91.042,0.33
07:17:12:16:00,90.5217,91.042,0.33
07:17:12:17:00,90.5217,91.042,0.33
07:17:12:18:00,90.5217,91.042,0.33
07:17:12:19:00,90.5217,91.042,0.33
07:17:12:20:00,90.5217,91.042,0.33
07:17:12:21:00,20,91.042,0.33
07:17:12:22:00,20,91.042,0.33
07:17:12:23:00,20,91.042,0.33
07:17:12:24:00,20,91.042,0.33
07:17:12:25:00,20,91.042,0.33
07:17:12:26:00,20,91.042,0.33
07:17:12:27:00,20,91.042,0.33
07:17:12:28:00,20,91.042,0.33
07:17:12:29:00,20,91.042,0.33
07:17:12:30:00,20,91.042,0.33
07:17:12:31:00,20,91.042,0.33
07:17:12:32:00,20,91.042,0.33
07:17:12:33:00,20,91.042,0.33
07:17:12:34:00,20,91.042,0.33
07:17:12:35:00,20,91.042,0.33
07:17:12:36:00,20,91.042,0.33
07:17:12:37:00,20,91.042,0.33
07:17:12:38:00,20,91.042,0.33
07:17:12:39:00,20,91.042,0.33
07:17:12:40:00,20,91.042,0.33
07:17:12:41:00,20,91.042,0.33
07:17:12:42:00,20,91.042,0.33
07:17:12:43:00,90.5217,91.042,0.33
07:17:12:44:00,90.5217,91.042,0.33
07:17:12:45:00,90.5217,91.042,0.33
07:17:12:46:00,90.5217,91.042,0.33
07:17:12:47:00,90.5217,91.042,0.33
07:17:12:48:00,90.5217,91.042,0.33
07:17:12:49:00,90.5217,91.042,0.33
07:17:12:50:00,90.5217,91.042,0.33
07:17:12:51:00,90.5217,91.042,0.33
07:17:12:52:00,90.5217,91.042,0.33
07:17:12:53:00,90.5217,91.042,0.33
07:17:12:54:00,90.5217,91.042,0.33
07:17:12:55:00,90.5217,91.042,0.33
07:17:12:56:00,90.5217,91.042,0.33
07:17:12:57:00,90.5217,91.042,0.33
07:17:12:58:00,90.5217,91.042,0.33
07:17:12:59:00,90.5217,91.042,0.33
07:17:13:00:00,84.3975,92.662,0.3
07:17:13:01:00,84.3975,92.662,0.3
07:17:13:02:00,84.3975,92.662,0.3
07:17:13:03:00,84.3975,92.662,0.3
07:17:13:04:00,84.3975,92.662,0.3
07:17:13:05:00,84.3975,92.662,0.3
07:17:13:06:00,84.3975,92.662,0.3
07:17:13:07:00,84.3975,92.662,0.3
07:17:13:08:00,84.3975,92.662,0.3
07:17:13:09:00,84.3975,92.662,0.3
07:17:13:10:00,84.3975,92.662,0.3
07:17:13:11:00,84.3975,92.662,0.3
07:17:13:12:00,84.3975,92.662,0.3
07:17:13:13:00,84.3975,92.662,0.3
07:17:13:14:00,30,92.662,0.3
07:17:13:15:00,30,92.662,0.3
07:17:13:16:00,30,92.662,0.3
07:17:13:17:00,30,92.662,0.3
07:17:13:18:00,30,92.662,0.3
07:17:13:19:00,30,92.662,0.3
07:17:13:20:00,30,92.662,0.3
07:17:13:21:00,30,92.662,0.3
07:17:13:22:00,30,92.662,0.3
07:17:13:23:00,30,92.662,0.3
07:17:13:24:00,84.3975,92.662,0.3
07:17:13:25:00,84.3975,92.662,0.3
07:17:13:26:00,84.3975,92.662,0.3
07:17:13:27:00,84.3975,92.662,0.3
07:17:13:28:00,84.3975,92.662,0.3
07:17:13:29:00,84.3975,92.662,0.3
07:17:13:30:00,84.3975,92.662,0.3
07:17:13:31:00,84.3975,92.662,0.3
07:17:13:32:00,84.3975,92.662,0.3
07:17:13:33:00,84.3975,92.662,0.3
07:17:13:34:00,84.3975,92.662,0.3
07:17:13:35:00,84.3975,92.662,0.3
07:17:13:36:00,84.3975,92.662,0.3
07:17:13:37:00,84.3975,92.662,0.3
07:17:13:38:00,84.3975,92.662,0.3
07:17:13:39:00,84.3975,92.662,0.3
07:17:13:40:00,84.3975,92.662,0.3
07:17:13:41:00,84.3975,92.662,0.3
07:17:13:42:00,84.3975,92.662,0.3
07:17:13:43:00,84.3975,92.662,0.3
07:17:13:44:00,84.3975,92.662,0.3
07:17:13:45:00,84.3975,92.662,0.3
07:17:13:46:00,84.3975,92.662,0.3
07:17:13:47:00,84.3975,92.662,0.3
07:17:13:48:00,84.3975,92.662,0.3
07:17:13:49:00,84.3975,92.662,0.3
07:17:13:50:00,84.3975,92.662,0.3
07:17:13:51:00,40,92.662,0.3
07:17:13:52:00,40,92.662,0.3
07:17:13:53:00,40,92.662,0.3
07:17:13:54:00,40,92.662,0.3
07:17:13:55:00,40,92.662,0.3
07:17:13:56:00,40,92.662,0.3
07:17:13:57:00,40,92.662,0.3
07:17:13:58:00,40,92.662,0.3
07:17:13:59:00,40,92.662,0.3
07:17:14:00:00,73.0717,94.462,0.26
07:17:14:01:00,73.0717,94.462,0.26
07:17:14:02:00,73.0717,94.462,0.26
07:17:14:03:00,73.0717,94.462,0.26
07:17:14:04:00,73.0717,94.462,0.26
07:17:14:05:00,73.0717,94.462,0.26
07:17:14:06:00,73.0717,94.462,0.26
07:17:14:07:00,73.0717,94.462,0.26
07:17:14:08:00,73.0717,94.462,0.26
07:17:14:09:00,73.0717,94.462,0.26
07:17:14:10:00,73.0717,94.462,0.26
07:17:14:11:00,73.0717,94.462,0.26
07:17:14:12:00,73.0717,94.462,0.26
07:17:14:13:00,73.0717,94.462,0.26
07:17:14:14:00,73.0717,94.462,0.26
07:17:14:15:00,73.0717,94.462,0.26
07:17:14:16:00,73.0717,94.462,0.26
07:17:14:17:00,73.0717,94.462,0.26
07:17:14:18:00,73.0717,94.462,0.26
07:17:14:19:00,73.0717,94.462,0.26
07:17:14:20:00,73.0717,94.462,0.26
07:17:14:21:00,73.0717,94.462,0.26
07:17:14:22:00,73.0717,94.462,0.26
07:17:14:23:00,73.0717,94.462,0.26
07:17:14:24:00,73.0717,94.462,0.26
07:17:14:25:00,73.0717,94.462,0.26
07:17:14:26:00,73.0717,94.462,0.26
07:17:14:27:00,20,94.462,0.26
07:17:14:28:00,20,94.462,0.26
07:17:14:29:00,20,94.462,0.26
07:17:14:30:00,20,94.462,0.26
07:17:14:31:00,20,94.462,0.26
07:17:14:32:00,20,94.462,0.26
07:17:14:33:00,20,94.462,0.26
07:17:14:34:00,20,94.462,0.26
07:17:14:35:00,20,94.462,0.26
07:17:14:36:00,20,94.462,0.26
07:17:14:37:00,20,94.462,0.26
07:17:14:38:00,20,94.462,0.26
07:17:14:39:00,73.0717,94.462,0.26
07:17:14:40:00,73.0717,94.462,0.26
07:17:14:41:00,73.0717,94.462,0.26
07:17:14:42:00,73.0717,94.462,0.26
07:17:14:43:00,73.0717,94.462,0.26
07:17:14:44:00,73.0717,94.462,0.26
07:17:14:45:00,73.0717,94.462,0.26
07:17:14:46:00,10,94.462,0.26
07:17:14:47:00,10,94.462,0.26
07:17:14:48:00,10,94.462,0.26
07:17:14:49:00,10,94.462,0.26
07:17:14:50:00,10,94.462,0.26
07:17:14:51:00,10,94.462,0.26
07:17:14:52:00,10,94.462,0.26
07:17:14:53:00,10,94.462,0.26
07:17:14:54:00,10,94.462,0.26
07:17:14:55:00,10,94.462,0.26
07:17:14:56:00,10,94.462,0.26
07:17:14:57:00,10,94.462,0.26
07:17:14:58:00,10,94.462,0.26
07:17:14:59:00,10,94.462,0.26
07:17:15:00:00,58.1372,96.082,0.23
07:17:15:01:00,58.1372,96.082,0.23
07:17:15:02:00,58.1372,96.082,0.23
07:17:15:03:00,58.1372,96.082,0.23
07:17:15:04:00,58.1372,96.082,0.23
07:17:15:05:00,58.1372,96.082,0.23
07:17:15:06:00,58.1372,96.082,0.23
07:17:15:07:00,58.1372,96.082,0.23
07:17:15:08:00,58.1372,96.082,0.23
07:17:15:09:00,58.1372,96.082,0.23
07:17:15:10:00,58.1372,96.082,0.23
07:17:15:11:00,58.1372,96.082,0.23
07:17:15:12:00,58.1372,96.082,0.23
07:17:15:13:00,58.1372,96.082,0.23
07:17:15:14:00,58.1372,96.082,0.23
07:17:15:15:00,58.1372,96.082,0.23
07:17:15:16:00,58.1372,96.082,0.23
07:17:15:17:00,58.1372,96.082,0.23
07:17:15:18:00,58.1372,96.082,0.23
07:17:15:19:00,58.1372,96.082,0.23
07:17:15:20:00,58.1372,96.082,0.23
07:17:15:21:00,58.1372,96.082,0.23
07:17:15:22:00,58.1372,96.082,0.23
07:17:15:23:00,58.1372,96.082,0.23
07:17:15:24:00,58.1372,96.082,0.23
07:17:15:25:00,58.1372,96.082,0.23
07:17:15:26:00,58.1372,96.082,0.23
07:17:15:27:00,58.1372,96.082,0.23
07:17:15:28:00,58.1372,96.082,0.23
07:17:15:29:00,58.1372,96.082,0.23
07:17:15:30:00,58.1372,96.082,0.23
07:17:15:31:00,58.1372,96.082,0.23
07:17:15:32:00,58.1372,96.082,0.23
07:17:15:33:00,58.1372,96.082,0.23
07:17:15:34:00,58.1372,96.082,0.23
07:17:15:35:00,58.1372,96.082,0.23
07:17:15:36:00,58.1372,96.082,0.23
07:17:15:37:00,58.1372,96.082,0.23
07:17:15:38:00,58.1372,96.082,0.23
07:17:15:39:00,58.1372,96.082,0.23
07:17:15:40:00,58.1372,96.082,0.23
07:17:15:41:00,58.1372,96.082,0.23
07:17:15:42:00,58.1372,96.082,0.23
07:17:15:43:00,58.1372,96.082,0.23
07:17:15:44:00,58.1372,96.082,0.23
07:17:15:45:00,58.1372,96.082,0.23
07:17:15:46:00,58.1372,96.082,0.23
07:17:15:47:00,58.1372,96.082,0.23
07:17:15:48:00,58.1372,96.082,0.23
07:17:15:49:00,58.1372,96.082,0.23
07:17:15:50:00,58.1372,96.082,0.23
07:17:15:51:00,58.1372,96.082,0.23
07:17:15:52:00,58.1372,96.082,0.23
07:17:15:53:00,58.1372,96.082,0.23
07:17:15:54:00,58.1372,96.082,0.23
07:17:15:55:00,58.1372,96.082,0.23
07:17:15:56:00,58.1372,96.082,0.23
07:17:15:57:00,58.1372,96.082,0.23
07:17:15:58:00,58.1372,96.082,0.23
07:17:15:59:00,58.1372,96.082,0.23
07:17:16:00:00,40.1023,92.662,0.28
07:17:16:01:00,40.1023,92.662,0.28
07:17:16:02:00,40.1023,92.662,0.28
07:17:16:03:00,40.1023,92.662,0.28
07:17:16:04:00,40.1023,92.662,0.28
07:17:16:05:00,40.1023,92.662,0.28
07:17:16:06:00,40.1023,92.662,0.28
07:17:16:07:00,40.1023,92.662,0.28
07:17:16:08:00,40.1023,92.662,0.28
07:17:16:09:00,40.1023,92.662,0.28
07:17:16:10:00,40.1023,92.662,0.28
07:17:16:11:00,40.1023,92.662,0.28
07:17:16:12:00,40.1023,92.662,0.28
07:17:16:13:00,40.1023,92.662,0.28
07:17:16:14:00,40.1023,92.662,0.28
07:17:16:15:00,40.1023,92.662,0.28
07:17:16:16:00,40.1023,92.662,0.28
07:17:16:17:00,40.1023,92.662,0.28
07:17:16:18:00,40.1023,92.662,0.28
07:17:16:19:00,40.1023,92.662,0.28
07:17:16:20:00,40.1023,92.662,0.28
07:17:16:21:00,40.1023,92.662,0.28
07:17:16:22:00,40.1023,92.662,0.28
07:17:16:23:00,40.1023,92.662,0.28
07:17:16:24:00,40.1023,92.662,0.28
07:17:16:25:00,40.1023,92.662,0.28
07:17:16:26:00,40.1023,92.662,0.28
07:17:16:27:00,40.1023,92.662,0.28
07:17:16:28:00,40.1023,92.662,0.28
07:17:16:29:00,40.1023,92.662,0.28
07:17:16:30:00,40.1023,92.662,0.28
07:17:16:31:00,40.1023,92.662,0.28
07:17:16:32:00,40.1023,92.662,0.28
07:17:16:33:00,40.1023,92.662,0.28
07:17:16:34:00,40.1023,92.662,0.28
07:17:16:35:00,40.1023,92.662,0.28
07:17:16:36:00,40.1023,92.662,0.28
07:17:16:37:00,40.1023,92.662,0.28
07:17:16:38:00,40.1023,92.662,0.28
07:17:16:39:00,40.1023,92.662,0.28
07:17:16:40:00,40.1023,92.662,0.28
07:17:16:41:00,40.1023,92.662,0.28
07:17:16:42:00,40.1023,92.662,0.28
07:17:16:43:00,40.1023,92.662,0.28
07:17:16:44:00,40.1023,92.662,0.28
07:17:16:45:00,40.1023,92.662,0.28
07:17:16:46:00,40.1023,92.662,0.28
07:17:16:47:00,40.1023,92.662,0.28
07:17:16:48:00,40.1023,92.662,0.28
07:17:16:49:00,40.1023,92.662,0.28
07:17:16:50:00,40.1023,92.662,0.28
07:17:16:51:00,40.1023,92.662,0.28
07:17:16:52:00,40.1023,92.662,0.28
07:17:16:53:00,40.1023,92.662,0.28
07:17:16:54:00,40.1023,92.662,0.28
07:17:16:55:00,40.1023,92.662,0.28
07:17:16:56:00,40.1023,92.662,0.28
07:17:16:57:00,40.1023,92.662,0.28
07:17:16:58:00,40.1023,92.662,0.28
07:17:16:59:00,40.1023,92.662,0.28
07:17:17:00:00,21.6446,89.422,0.34
07:17:17:01:00,21.6446,89.422,0.34
07:17:17:02:00,21.6446,89.422,0.34
07:17:17:03:00,21.6446,89.422,0.34
07:17:17:04:00,21.6446,89.422,0.34
07:17:17:05:00,21.6446,89.422,0.34
07:17:17:06:00,21.6446,89.422,0.34
07:17:17:07:00,21.6446,89.422,0.34
07:17:17:08:00,21.6446,89.422,0.34
07:17:17:09:00,21.6446,89.422,0.34
07:17:17:10:00,21.6446,89.422,0.34
07:17:17:11:00,21.6446,89.422,0.34
07:17:17:12:00,21.6446,89.422,0.34
07:17:17:13:00,21.6446,89.422,0.34
07:17:17:14:00,21.6446,89.422,0.34
07:17:17:15:00,21.6446,89.422,0.34
07:17:17:16:00,21.6446,89.422,0.34
07:17:17:17:00,21.6446,89.422,0.34
07:17:17:18:00,21.6446,89.422,0.34
07:17:17:19:00,21.6446,89.422,0.34
07:17:17:20:00,21.6446,89.422,0.34
07:17:17:21:00,21.6446,89.422,0.34
07:17:17:22:00,21.6446,89.422,0.34
07:17:17:23:00,21.6446,89.422,0.34
07:17:17:24:00,21.6446,89.422,0.34
07:17:17:25:00,21.6446,89.422,0.34
07:17:17:26:00,21.6446,89.422,0.34
07:17:17:27:00,21.6446,89.422,0.34
07:17:17:28:00,21.6446,89.422,0.34
07:17:17:29:00,21.6446,89.422,0.34
07:17:17:30:00,21.6446,89.422,0.34
07:17:17:31:00,21.6446,89.422,0.34
07:17:17:32:00,21.6446,89.422,0.34
07:17:17:33:00,21.6446,89.422,0.34
07:17:17:34:00,21.6446,89.422,0.34
07:17:17:35:00,21.6446,89.422,0.34
07:17:17:36:00,21.6446,89.422,0.34
07:17:17:37:00,21.6446,89.422,0.34
07:17:17:38:00,21.6446,89.422,0.34
07:17:17:39:00,21.6446,89.422,0.34
07:17:17:40:00,21.6446,89.422,0.34
07:17:17:41:00,21.6446,89.422,0.34
07:17:17:42:00,21.6446,89.422,0.34
07:17:17:43:00,21.6446,89.422,0.34
07:17:17:44:00,21.6446,89.422,0.34
07:17:17:45:00,21.6446,89.422,0.34
07:17:17:46:00,21.6446,89.422,0.34
07:17:17:47:00,21.6446,89.422,0.34
07:17:17:48:00,21.6446,89.422,0.34
07:17:17:49:00,21.6446,89.422,0.34
07:17:17:50:00,21.6446,89.422,0.34
07:17:17:51:00,21.6446,89.422,0.34
07:17:17:52:00,21.6446,89.422,0.34
07:17:17:53:00,21.6446,89.422,0.34
07:17:17:54:00,21.6446,89.422,0.34
07:17:17:55:00,21.6446,89.422,0.34
07:17:17:56:00,21.6446,89.422,0.34
07:17:17:57:00,21.6446,89.422,0.34
07:17:17:58:00,21.6446,89.422,0.34
07:17:17:59:00,21.6446,89.422,0.34
07:17:18:00:00,6.28931,86.002,0.39
07:17:18:01:00,6.28931,86.002,0.39
07:17:18:02:00,6.28931,86.002,0.39
07:17:18:03:00,6.28931,86.002,0.39
07:17:18:04:00,6.28931,86.002,0.39
07:17:18:05:00,6.28931,86.002,0.39
07:17:18:06:00,6.28931,86.002,0.39
07:17:18:07:00,6.28931,86.002,0.39
07:17:18:08:00,6.28931,86.002,0.39
07:17:18:09:00,6.28931,86.002,0.39
07:17:18:10:00,6.28931,86.002,0.39
07:17:18:11:00,6.28931,86.002,0.39
07:17:18:12:00,6.28931,86.002,0.39
07:17:18:13:00,6.28931,86.002,0.39
07:17:18:14:00,6.28931,86.002,0.39
07:17:18:15:00,6.28931,86.002,0.39
07:17:18:16:00,6.28931,86.002,0.39
07:17:18:17:00,6.28931,86.002,0.39
07:17:18:18:00,6.28931,86.002,0.39
07:17:18:19:00,6.28931,86.002,0.39
07:17:18:20:00,6.28931,86.002,0.39
07:17:18:21:00,6.28931,86.002,0.39
07:17:18:22:00,6.28931,86.002,0.39
07:17:18:23:00,6.28931,86.002,0.39
07:17:18:24:00,6.28931,86.002,0.39
07:17:18:25:00,6.28931,86.002,0.39
07:17:18:26:00,6.28931,86.002,0.39
07:17:18:27:00,6.28931,86.002,0.39
07:17:18:28:00,6.28931,86.002,0.39
07:17:18:29:00,6.28931,86.002,0.39
07:17:18:30:00,6.28931,86.002,0.39
07:17:18:31:00,6.28931,86.002,0.39
07:17:18:32:00,6.28931,86.002,0.39
07:17:18:33:00,6.28931,86.002,0.39
07:17:18:34:00,6.28931,86.002,0.39
07:17:18:35:00,6.28931,86.002,0.39
07:17:18:36:00,6.28931,86.002,0.39
07:17:18:37:00,6.28931,86.002,0.39
07:17:18:38:00,6.28931,86.002,0.39
07:17:18:39:00,6.28931,86.002,0.39
07:17:18:40:00,6.28931,86.002,0.39
07:17:18:41:00,6.28931,86.002,0.39
07:17:18:42:00,6.28931,86.002,0.39
07:17:18:43:00,6.28931,86.002,0.39
07:17:18:44:00,6.28931,86.002,0.39
07:17:18:45:00,6.28931,86.002,0.39
07:17:18:46:00,6.28931,86.002,0.39
07:17:18:47:00,6.28931,86.002,0.39
07:17:18:48:00,6.28931,86.002,0.39
07:17:18:49:00,6.28931,86.002,0.39
07:17:18:50:00,6.28931,86.002,0.39
07:17:18:51:00,6.28931,86.002,0.39
07:17:18:52:00,6.28931,86.002,0.39
07:17:18:53:00,6.28931,86.002,0.39
07:17:18:54:00,6.28931,86.002,0.39
07:17:18:55:00,6.28931,86.002,0.39
07:17:18:56:00,6.28931,86.002,0.39
07:17:18:57:00,6.28931,86.002,0.39
07:17:18:58:00,6.28931,86.002,0.39
07:17:18:59:00,6.28931,86.002,0.39
07:17:19:00:00,0.92903,81.322,0.41
07:17:19:01:00,0.92903,81.322,0.41
07:17:19:02:00,0.92903,81.322,0.41
07:17:19:03:00,0.92903,81.322,0.41
07:17:19:04:00,0.92903,81.322,0.41
07:17:19:05:00,0.92903,81.322,0.41
07:17:19:06:00,0.92903,81.322,0.41
07:17:19:07:00,0.92903,81.322,0.41
07:17:19:08:00,0.92903,81.322,0.41
07:17:19:09:00,0.92903,81.322,0.41
07:17:19:10:00,0.92903,81.322,0.41
07:17:19:11:00,0.92903,81.322,0.41
07:17:19:12:00,0.92903,81.322,0.41
07:17:19:13:00,0.92903,81.322,0.41
07:17:19:14:00,0.92903,81.322,0.41
07:17:19:15:00,0.92903,81.322,0.41
07:17:19:16:00,0.92903,81.322,0.41
07:17:19:17:00,0.92903,81.322,0.41
07:17:19:18:00,0.92903,81.322,0.41
07:17:19:19:00,0.92903,81.322,0.41
07:17:19:20:00,0.92903,81.322,0.41
07:17:19:21:00,0.92903,81.322,0.41
07:17:19:22:00,0.92903,81.322,0.41
07:17:19:23:00,0.92903,81.322,0.41
07:17:19:24:00,0.92903,81.322,0.41
07:17:19:25:00,0.92903,81.322,0.41
07:17:19:26:00,0.92903,81.322,0.41
07:17:19:27:00,0.92903,81.322,0.41
07:17:19:28:00,0.92903,81.322,0.41
07:17:19:29:00,0.92903,81.322,0.41
07:17:19:30:00,0.92903,81.322,0.41
07:17:19:31:00,0.92903,81.322,0.41
07:17:19:32:00,0.92903,81.322,0.41
07:17:19:33:00,0.92903,81.322,0.41
07:17:19:34:00,0.92903,81.322,0.41
07:17:19:35:00,0.92903,81.322,0.41
07:17:19:36:00,0.92903,81.322,0.41
07:17:19:37:00,0.92903,81.322,0.41
07:17:19:38:00,0.92903,81.322,0.41
07:17:19:39:00,0.92903,81.322,0.41
07:17:19:40:00,0.92903,81.322,0.41
07:17:19:41:00,0.92903,81.322,0.41
07:17:19:42:00,0.92903,81.322,0.41
07:17:19:43:00,0.92903,81.322,0.41
07:17:19:44:00,0.92903,81.322,0.41
07:17:19:45:00,0.92903,81.322,0.41
07:17:19:46:00,0.92903,81.322,0.41
07:17:19:47:00,0.92903,81.322,0.41
07:17:19:48:00,0.92903,81.322,0.41
07:17:19:49:00,0.92903,81.322,0.41
07:17:19:50:00,0.92903,81.322,0.41
07:17:19:51:00,0.92903,81.322,0.41
07:17:19:52:00,0.92903,81.322,0.41
07:17:19:53:00,0.92903,81.322,0.41
07:17:19:54:00,0.92903,81.322,0.41
07:17:19:55:00,0.92903,81.322,0.41
07:17:19:56:00,0.92903,81.322,0.41
07:17:19:57:00,0.92903,81.322,0.41
07:17:19:58:00,0.92903,81.322,0.41
07:17:19:59:00,0.92903,81.322,0.41
07:17:20:00:00,0,76.642,0.44
07:17:20:01:00,0,76.642,0.44
07:17:20:02:00,0,76.642,0.44
07:17:20:03:00,0,76.642,0.44
07:17:20:04:00,0,76.642,0.44
07:17:20:05:00,0,76.642,0.44
07:17:20:06:00,0,76.642,0.44
07:17:20:07:00,0,76.642,0.44
07:17:20:08:00,0,76.642,0.44
07:17:20:09:00,0,76.642,0.44
07:17:20:10:00,0,76.642,0.44
07:17:20:11:00,0,76.642,0.44
07:17:20:12:00,0,76.642,0.44
07:17:20:13:00,0,76.642,0.44
07:17:20:14:00,0,76.642,0.44
07:17:20:15:00,0,76.642,0.44
07:17:20:16:00,0,76.642,0.44
07:17:20:17:00,0,76.642,0.44
07:17:20:18:00,0,76.642,0.44
07:17:20:19:00,0,76.642,0.44
07:17:20:20:00,0,76.642,0.44
07:17:20:21:00,0,76.642,0.44
07:17:20:22:00,0,76.642,0.44
07:17:20:23:00,0,76.642,0.44
07:17:20:24:00,0,76.642,0.44
07:17:20:25:00,0,76.642,0.44
07:17:20:26:00,0,76.642,0.44
07:17:20:27:00,0,76.642,0.44
07:17:20:28:00,0,76.642,0.44
07:17:20:29:00,0,76.642,0.44
07:17:20:30:00,0,76.642,0.44
07:17:20:31:00,0,76.642,0.44
07:17:20:32:00,0,76.642,0.44
07:17:20:33:00,0,76.642,0.44
07:17:20:34:00,0,76.642,0.44
07:17:20:35:00,0,76.642,0.44
07:17:20:36:00,0,76.642,0.44
07:17:20:37:00,0,76.642,0.44
07:17:20:38:00,0,76.642,0.44
07:17:20:39:00,0,76.642,0.44
07:17:20:40:00,0,76.642,0.44
07:17:20:41:00,0,76.642,0.44
07:17:20:42:00,0,76.642,0.44
07:17:20:43:00,0,76.642,0.44
07:17:20:44:00,0,76.642,0.44
07:17:20:45:00,0,76.642,0.44
07:17:20:46:00,0,76.642,0.44
07:17:20:47:00,0,76.642,0.44
07:17:20:48:00,0,76.642,0.44
07:17:20:49:00,0,76.642,0.44
07:17:20:50:00,0,76.642,0.44
07:17:20:51:00,0,76.642,0.44
07:17:20:52:00,0,76.642,0.44
07:17:20:53:00,0,76.642,0.44
07:17:20:54:00,0,76.642,0.44
07:17:20:55:00,0,76.642,0.44
07:17:20:56:00,0,76.642,0.44
07:17:20:57:00,0,76.642,0.44
07:17:20:58:00,0,76.642,0.44
07:17:20:59:00,0,76.642,0.44
07:17:21:00:00,0,71.962,0.46
07:17:21:01:00,0,71.962,0.46
07:17:21:02:00,0,71.962,0.46
07:17:21:03:00,0,71.962,0.46
07:17:21:04:00,0,71.962,0.46
07:17:21:05:00,0,71.962,0.46
07:17:21:06:00,0,71.962,0.46
07:17:21:07:00,0,71.962,0.46
07:17:21:08:00,0,71.962,0.46
07:17:21:09:00,0,71.962,0.46
07:17:21:10:00,0,71.962,0.46
07:17:21:11:00,0,71.962,0.46
07:17:21:12:00,0,71.962,0.46
07:17:21:13:00,0,71.962,0.46
07:17:21:14:00,0,71.962,0.46
07:17:21:15:00,0,71.962,0.46
07:17:21:16:00,0,71.962,0.46
07:17:21:17:00,0,71.962,0.46
07:17:21:18:00,0,71.962,0.46
07:17:21:19:00,0,71.962,0.46
07:17:21:20:00,0,71.962,0.46
07:17:21:21:00,0,71.962,0.46
07:17:21:22:00,0,71.962,0.46
07:17:21:23:00,0,71.962,0.46
07:17:21:24:00,0,71.962,0.46
07:17:21:25:00,0,71.962,0.46
07:17:21:26:00,0,71.962,0.46
07:17:21:27:00,0,71.962,0.46
07:17:21:28:00,0,71.962,0.46
07:17:21:29:00,0,71.962,0.46
07:17:21:30:00,0,71.962,0.46
07:17:21:31:00,0,71.962,0.46
07:17:21:32:00,0,71.962,0.46
07:17:21:33:00,0,71.962,0.46
07:17:21:34:00,0,71.962,0.46
07:17:21:35:00,0,71.962,0.46
07:17:21:36:00,0,71.962,0.46
07:17:21:37:00,0,71.962,0.46
07:17:21:38:00,0,71.962,0.46
07:17:21:39:00,0,71.962,0.46
07:17:21:40:00,0,71.962,0.46
07:17:21:41:00,0,71.962,0.46
07:17:21:42:00,0,71.962,0.46
07:17:21:43:00,0,71.962,0.46
07:17:21:44:00,0,71.962,0.46
07:17:21:45:00,0,71.962,0.46
07:17:21:46:00,0,71.962,0.46
07:17:21:47:00,0,71.962,0.46
07:17:21:48:00,0,71.962,0.46
07:17:21:49:00,0,71.962,0.46
07:17:21:50:00,0,71.962,0.46
07:17:21:51:00,0,71.962,0.46
07:17:21:52:00,0,71.962,0.46
07:17:21:53:00,0,71.962,0.46
07:17:21:54:00,0,71.962,0.46
07:17:21:55:00,0,71.962,0.46
07:17:21:56:00,0,71.962,0.46
07:17:21:57:00,0,71.962,0.46
07:17:21:58:00,0,71.962,0.46
07:17:21:59:00,0,71.962,0.46
07:17:22:00:00,0,70.702,0.46
07:17:22:01:00,0,70.702,0.46
07:17:22:02:00,0,70.702,0.46
07:17:22:03:00,0,70.702,0.46
07:17:22:04:00,0,70.702,0.46
07:17:22:05:00,0,70.702,0.46
07:17:22:06:00,0,70.702,0.46
07:17:22:07:00,0,70.702,0.46
07:17:22:08:00,0,70.702,0.46
07:17:22:09:00,0,70.702,0.46
07:17:22:10:00,0,70.702,0.46
07:17:22:11:00,0,70.702,0.46
07:17:22:12:00,0,70.702,0.46
07:17:22:13:00,0,70.702,0.46
07:17:22:14:00,0,70.702,0.46
07:17:22:15:00,0,70.702,0.46
07:17:22:16:00,0,70.702,0.46
07:17:22:17:00,0,70.702,0.46
07:17:22:18:00,0,70.702,0.46
07:17:22:19:00,0,70.702,0.46
07:17:22:20:00,0,70.702,0.46
07:17:22:21:00,0,70.702,0.46
07:17:22:22:00,0,70.702,0.46
07:17:22:23:00,0,70.702,0.46
07:17:22:24:00,0,70.702,0.46
07:17:22:25:00,0,70.702,0.46
07:17:22:26:00,0,70.702,0.46
07:17:22:27:00,0,70.702,0.46
07:17:22:28:00,0,70.702,0.46
07:17:22:29:00,0,70.702,0.46
07:17:22:30:00,0,70.702,0.46
07:17:22:31:00,0,70.702,0.46
07:17:22:32:00,0,70.702,0.46
07:17:22:33:00,0,70.702,0.46
07:17:22:34:00,0,70.702,0.46
07:17:22:35:00,0,70.702,0.46
07:17:22:36:00,0,70.702,0.46
07:17:22:37:00,0,70.702,0.46
07:17:22:38:00,0,70.702,0.46
07:17:22:39:00,0,70.702,0.46
07:17:22:40:00,0,70.702,0.46
07:17:22:41:00,0,70.702,0.46
07:17:22:42:00,0,70.702,0.46
07:17:22:43:00,0,70.702,0.46
07:17:22:44:00,0,70.702,0.46
07:17:22:45:00,0,70.702,0.46
07:17:22:46:00,0,70.702,0.46
07:17:22:47:00,0,70.702,0.46
07:17:22:48:00,0,70.702,0.46
07:17:22:49:00,0,70.702,0.46
07:17:22:50:00,0,70.702,0.46
07:17:22:51:00,0,70.702,0.46
07:17:22:52:00,0,70.702,0.46
07:17:22:53:00,0,70.702,0.46
07:17:22:54:00,0,70.702,0.46
07:17:22:55:00,0,70.702,0.46
07:17:22:56:00,0,70.702,0.46
07:17:22:57:00,0,70.702,0.46
07:17:22:58:00,0,70.702,0.46
07:17:22:59:00,0,70.702,0.46
07:17:23:00:00,0,69.262,0.47
07:17:23:01:00,0,69.262,0.47
07:17:23:02:00,0,69.262,0.47
07:17:23:03:00,0,69.262,0.47
07:17:23:04:00,0,69.262,0.47
07:17:23:05:00,0,69.262,0.47
07:17:23:06:00,0,69.262,0.47
07:17:23:07:00,0,69.262,0.47
07:17:23:08:00,0,69.262,0.47
07:17:23:09:00,0,69.262,0.47
07:17:23:10:00,0,69.262,0.47
07:17:23:11:00,0,69.262,0.47
07:17:23:12:00,0,69.262,0.47
07:17:23:13:00,0,69.262,0.47
07:17:23:14:00,0,69.262,0.47
07:17:23:15:00,0,69.262,0.47
07:17:23:16:00,0,69.262,0.47
07:17:23:17:00,0,69.262,0.47
07:17:23:18:00,0,69.262,0.47
07:17:23:19:00,0,69.262,0.47
07:17:23:20:00,0,69.262,0.47
07:17:23:21:00,0,69.262,0.47
07:17:23:22:00,0,69.262,0.47
07:17:23:23:00,0,69.262,0.47
07:17:23:24:00,0,69.262,0.47
07:17:23:25:00,0,69.262,0.47
07:17:23:26:00,0,69.262,0.47
07:17:23:27:00,0,69.262,0.47
07:17:23:28:00,0,69.262,0.47
07:17:23:29:00,0,69.262,0.47
07:17:23:30:00,0,69.262,0.47
07:17:23:31:00,0,69.262,0.47
07:17:23:32:00,0,69.262,0.47
07:17:23:33:00,0,69.262,0.47
07:17:23:34:00,0,69.262,0.47
07:17:23:35:00,0,69.262,0.47
07:17:23:36:00,0,69.262,0.47
07:17:23:37:00,0,69.262,0.47
07:17:23:38:00,0,69.262,0.47
07:17:23:39:00,0,69.262,0.47
07:17:23:40:00,0,69.262,0.47
07:17:23:41:00,0,69.262,0.47
07:17:23:42:00,0,69.262,0.47
07:17:23:43:00,0,69.262,0.47
07:17:23:44:00,0,69.262,0.47
07:17:23:45:00,0,69.262,0.47
07:17:23:46:00,0,69.262,0.47
07:17:23:47:00,0,69.262,0.47
07:17:23:48:00,0,69.262,0.47
07:17:23:49:00,0,69.262,0.47
07:17:23:50:00,0,69.262,0.47
07:17:23:51:00,0,69.262,0.47
07:17:23:52:00,0,69.262,0.47
07:17:23:53:00,0,69.262,0.47
07:17:23:54:00,0,69.262,0.47
07:17:23:55:00,0,69.262,0.47
07:17:23:56:00,0,69.262,0.47
07:17:23:57:00,0,69.262,0.47
07:17:23:58:00,0,69.262,0.47
07:17:23:59:00,0,69.262,0.47
07:18:00:00:00,0,68.002,0.47
07:18:00:01:00,0,68.002,0.47
07:18:00:02:00,0,68.002,0.47
07:18:00:03:00,0,68.002,0.47
07:18:00:04:00,0,68.002,0.47
07:18:00:05:00,0,68.002,0.47
07:18:00:06:00,0,68.002,0.47
07:18:00:07:00,0,68.002,0.47
07:18:00:08:00,0,68.002,0.47
07:18:00:09:00,0,68.002,0.47
07:18:00:10:00,0,68.002,0.47
07:18:00:11:00,0,68.002,0.47
07:18:00:12:00,0,68.002,0.47
07:18:00:13:00,0,68.002,0.47
07:18:00:14:00,0,68.002,0.47
07:18:00:15:00,0,68.002,0.47
07:18:00:16:00,0,68.002,0.47
07:18:00:17:00,0,68.002,0.47
07:18:00:18:00,0,68.002,0.47
07:18:00:19:00,0,68.002,0.47
07:18:00:20:00,0,68.002,0.47
07:18:00:21:00,0,68.002,0.47
07:18:00:22:00,0,68.002,0.47
07:18:00:23:00,0,68.002,0.47
07:18:00:24:00,0,68.002,0.47
07:18:00:25:00,0,68.002,0.47
07:18:00:26:00,0,68.002,0.47
07:18:00:27:00,0,68.002,0.47
07:18:00:28:00,0,68.002,0.47
07:18:00:29:00,0,68.002,0.47
07:18:00:30:00,0,68.002,0.47
07:18:00:31:00,0,68.002,0.47
07:18:00:32:00,0,68.002,0.47
07:18:00:33:00,0,68.002,0.47
07:18:00:34:00,0,68.002,0.47
07:18:00:35:00,0,68.002,0.47
07:18:00:36:00,0,68.002,0.47
07:18:00:37:00,0,68.002,0.47
07:18:00:38:00,0,68.002,0.47
07:18:00:39:00,0,68.002,0.47
07:18:00:40:00,0,68.002,0.47
07:18:00:41:00,0,68.002,0.47
07:18:00:42:00,0,68.002,0.47
07:18:00:43:00,0,68.002,0.47
07:18:00:44:00,0,68.002,0.47
07:18:00:45:00,0,68.002,0.47
07:18:00:46:00,0,68.002,0.47
07:18:00:47:00,0,68.002,0.47
07:18:00:48:00,0,68.002,0.47
07:18:00:49:00,0,68.002,0.47
07:18:00:50:00,0,68.002,0.47
07:18:00:51:00,0,68.002,0.47
07:18:00:52:00,0,68.002,0.47
07:18:00:53:00,0,68.002,0.47
07:18:00:54:00,0,68.002,0.47
07:18:00:55:00,0,68.002,0.47
07:18:00:56:00,0,68.002,0.47
07:18:00:57:00,0,68.002,0.47
07:18:00:58:00,0,68.002,0.47
07:18:00:59:00,0,68.002,0.47
07:18:01:00:00,0,66.022,0.51
07:18:01:01:00,0,66.022,0.51
07:18:01:02:00,0,66.022,0.51
07:18:01:03:00,0,66.022,0.51
07:18:01:04:00,0,66.022,0.51
07:18:01:05:00,0,66.022,0.51
07:18:01:06:00,0,66.022,0.51
07:18:01:07:00,0,66.022,0.51
07:18:01:08:00,0,66.022,0.51
07:18:01:09:00,0,66.022,0.51
07:18:01:10:00,0,66.022,0.51
07:18:01:11:00,0,66.022,0.51
07:18:01:12:00,0,66.022,0.51
07:18:01:13:00,0,66.022,0.51
07:18:01:14:00,0,66.022,0.51
07:18:01:15:00,0,66.022,0.51
07:18:01:16:00,0,66.022,0.51
07:18:01:17:00,0,66.022,0.51
07:18:01:18:00,0,66.022,0.51
07:18:01:19:00,0,66.022,0.51
07:18:01:20:00,0,66.022,0.51
07:18:01:21:00,0,66.022,0.51
07:18:01:22:00,0,66.022,0.51
07:18:01:23:00,0,66.022,0.51
07:18:01:24:00,0,66.022,0.51
07:18:01:25:00,0,66.022,0.51
07:18:01:26:00,0,66.022,0.51
07:18:01:27:00,0,66.022,0.51
07:18:01:28:00,0,66.022,0.51
07:18:01:29:00,0,66.022,0.51
07:18:01:30:00,0,66.022,0.51
07:18:01:31:00,0,66.022,0.51
07:18:01:32:00,0,66.022,0.51
07:18:01:33:00,0,66.022,0.51
07:18:01:34:00,0,66.022,0.51
07:18:01:35:00,0,66.022,0.51
07:18:01:36:00,0,66.022,0.51
07:18:01:37:00,0,66.022,0.51
07:18:01:38:00,0,66.022,0.51
07:18:01:39:00,0,66.022,0.51
07:18:01:40:00,0,66.022,0.51
07:18:01:41:00,0,66.022,0.51
07:18:01:42:00,0,66.022,0.51
07:18:01:43:00,0,66.022,0.51
07:18:01:44:00,0,66.022,0.51
07:18:01:45:00,0,66.022,0.51
07:18:01:46:00,0,66.022,0.51
07:18:01:47:00,0,66.022,0.51
07:18:01:48:00,0,66.022,0.51
07:18:01:49:00,0,66.022,0.51
07:18:01:50:00,0,66.022,0.51
07:18:01:51:00,0,66.022,0.51
07:18:01:52:00,0,66.022,0.51
07:18:01:53:00,0,66.022,0.51
07:18:01:54:00,0,66.022,0.51
07:18:01:55:00,0,66.022,0.51
07:18:01:56:00,0,66.022,0.51
07:18:01:57:00,0,66.022,0.51
07:18:01:58:00,0,66.022,0.51
07:18:01:59:00,0,66.022,0.51
07:18:02:00:00,0,64.042,0.54
07:18:02:01:00,0,64.042,0.54
07:18:02:02:00,0,64.042,0.54
07:18:02:03:00,0,64.042,0.54
07:18:02:04:00,0,64.042,0.54
07:18:02:05:00,0,64.042,0.54
07:18:02:06:00,0,64.042,0.54
07:18:02:07:00,0,64.042,0.54
07:18:02:08:00,0,64.042,0.54
07:18:02:09:00,0,64.042,0.54
07:18:02:10:00,0,64.042,0.54
07:18:02:11:00,0,64.042,0.54
07:18:02:12:00,0,64.042,0.54
07:18:02:13:00,0,64.042,0.54
07:18:02:14:00,0,64.042,0.54
07:18:02:15:00,0,64.042,0.54
07:18:02:16:00,0,64.042,0.54
07:18:02:17:00,0,64.042,0.54
07:18:02:18:00,0,64.042,0.54
07:18:02:19:00,0,64.042,0.54
07:18:02:20:00,0,64.042,0.54
07:18:02:21:00,0,64.042,0.54
07:18:02:22:00,0,64.042,0.54
07:18:02:23:00,0,64.042,0.54
07:18:02:24:00,0,64.042,0.54
07:18:02:25:00,0,64.042,0.54
07:18:02:26:00,0,64.042,0.54
07:18:02:27:00,0,64.042,0.54
07:18:02:28:00,0,64.042,0.54
07:18:02:29:00,0,64.042,0.54
07:18:02:30:00,0,64.042,0.54
07:18:02:31:00,0,64.042,0.54
07:18:02:32:00,0,64.042,0.54
07:18:02:33:00,0,64.042,0.54
07:18:02:34:00,0,64.042,0.54
07:18:02:35:00,0,64.042,0.54
07:18:02:36:00,0,64.042,0.54
07:18:02:37:00,0,64.042,0.54
07:18:02:38:00,0,64.042,0.54
07:18:02:39:00,0,64.042,0.54
07:18:02:40:00,0,64.042,0.54
07:18:02:41:00,0,64.042,0.54
07:18:02:42:00,0,64.042,0.54
07:18:02:43:00,0,64.042,0.54
07:18:02:44:00,0,64.042,0.54
07:18:02:45:00,0,64.042,0.54
07:18:02:46:00,0,64.042,0.54
07:18:02:47:00,0,64.042,0.54
07:18:02:48:00,0,64.042,0.54
07:18:02:49:00,0,64.042,0.54
07:18:02:50:00,0,64.042,0.54
07:18:02:51:00,0,64.042,0.54
07:18:02:52:00,0,64.042,0.54
07:18:02:53:00,0,64.042,0.54
07:18:02:54:00,0,64.042,0.54
07:18:02:55:00,0,64.042,0.54
07:18:02:56:00,0,64.042,0.54
07:18:02:57:00,0,64.042,0.54
07:18:02:58:00,0,64.042,0.54
07:18:02:59:00,0,64.042,0.54
07:18:03:00:00,0,62.062,0.58
07:18:03:01:00,0,62.062,0.58
07:18:03:02:00,0,62.062,0.58
07:18:03:03:00,0,62.062,0.58
07:18:03:04:00,0,62.062,0.58
07:18:03:05:00,0,62.062,0.58
07:18:03:06:00,0,62.062,0.58
07:18:03:07:00,0,62.062,0.58
07:18:03:08:00,0,62.062,0.58
07:18:03:09:00,0,62.062,0.58
07:18:03:10:00,0,62.062,0.58
07:18:03:11:00,0,62.062,0.58
07:18:03:12:00,0,62.062,0.58
07:18:03:13:00,0,62.062,0.58
07:18:03:14:00,0,62.062,0.58
07:18:03:15:00,0,62.062,0.58
07:18:03:16:00,0,62.062,0.58
07:18:03:17:00,0,62.062,0.58
07:18:03:18:00,0,62.062,0.58
07:18:03:19:00,0,62.062,0.58
07:18:03:20:00,0,62.062,0.58
07:18:03:21:00,0,62.062,0.58
07:18:03:22:00,0,62.062,0.58
07:18:03:23:00,0,62.062,0.58
07:18:03:24:00,0,62.062,0.58
07:18:03:25:00,0,62.062,0.58
07:18:03:26:00,0,62.062,0.58
07:18:03:27:00,0,62.062,0.58
07:18:03:28:00,0,62.062,0.58
07:18:03:29:00,0,62.062,0.58
07:18:03:30:00,0,62.062,0.58
07:18:03:31:00,0,62.062,0.58
07:18:03:32:00,0,62.062,0.58
07:18:03:33:00,0,62.062,0.58
07:18:03:34:00,0,62.062,0.58
07:18:03:35:00,0,62.062,0.58
07:18:03:36:00,0,62.062,0.58
07:18:03:37:00,0,62.062,0.58
07:18:03:38:00,0,62.062,0.58
07:18:03:39:00,0,62.062,0.58
07:18:03:40:00,0,62.062,0.58
07:18:03:41:00,0,62.062,0.58
07:18:03:42:00,0,62.062,0.58
07:18:03:43:00,0,62.062,0.58
07:18:03:44:00,0,62.062,0.58
07:18:03:45:00,0,62.062,0.58
07:18:03:46:00,0,62.062,0.58
07:18:03:47:00,0,62.062,0.58
07:18:03:48:00,0,62.062,0.58
07:18:03:49:00,0,62.062,0.58
07:18:03:50:00,0,62.062,0.58
07:18:03:51:00,0,62.062,0.58
07:18:03:52:00,0,62.062,0.58
07:18:03:53:00,0,62.062,0.58
07:18:03:54:00,0,62.062,0.58
07:18:03:55:00,0,62.062,0.58
07:18:03:56:00,0,62.062,0.58
07:18:03:57:00,0,62.062,0.58
07:18:03:58:00,0,62.062,0.58
07:18:03:59:00,0,62.062,0.58
07:18:04:00:00,0,65.122,0.55
07:18:04:01:00,0,65.122,0.55
07:18:04:02:00,0,65.122,0.55
07:18:04:03:00,0,65.122,0.55
07:18:04:04:00,0,65.122,0.55
07:18:04:05:00,0,65.122,0.55
07:18:04:06:00,0,65.122,0.55
07:18:04:07:00,0,65.122,0.55
07:18:04:08:00,0,65.122,0.55
07:18:04:09:00,0,65.122,0.55
07:18:04:10:00,0,65.122,0.55
07:18:04:11:00,0,65.122,0.55
07:18:04:12:00,0,65.122,0.55
07:18:04:13:00,0,65.122,0.55
07:18:04:14:00,0,65.122,0.55
07:18:04:15:00,0,65.122,0.55
07:18:04:16:00,0,65.122,0.55
07:18:04:17:00,0,65.122,0.55
07:18:04:18:00,0,65.122,0.55
07:18:04:19:00,0,65.122,0.55
07:18:04:20:00,0,65.122,0.55
07:18:04:21:00,0,65.122,0.55
07:18:04:22:00,0,65.122,0.55
07:18:04:23:00,0,65.122,0.55
07:18:04:24:00,0,65.122,0.55
07:18:04:25:00,0,65.122,0.55
07:18:04:26:00,0,65.122,0.55
07:18:04:27:00,0,65.122,0.55
07:18:04:28:00,0,65.122,0.55
07:18:04:29:00,0,65.122,0.55
07:18:04:30:00,0,65.122,0.55
07:18:04:31:00,0,65.122,0.55
07:18:04:32:00,0,65.122,0.55
07:18:04:33:00,0,65.122,0.55
07:18:04:34:00,0,65.122,0.55
07:18:04:35:00,0,65.122,0.55
07:18:04:36:00,0,65.122,0.55
07:18:04:37:00,0,65.122,0.55
07:18:04:38:00,0,65.122,0.55
07:18:04:39:00,0,65.122,0.55
07:18:04:40:00,0,65.122,0.55
07:18:04:41:00,0,65.122,0.55
07:18:04:42:00,0,65.122,0.55
07:18:04:43:00,0,65.122,0.55
07:18:04:44:00,0,65.122,0.55
07:18:04:45:00,0,65.122,0.55
07:18:04:46:00,0,65.122,0.55
07:18:04:47:00,0,65.122,0.55
07:18:04:48:00,0,65.122,0.55
07:18:04:49:00,0,65.122,0.55
07:18:04:50:00,0,65.122,0.55
07:18:04:51:00,0,65.122,0.55
07:18:04:52:00,0,65.122,0.55
07:18:04:53:00,0,65.122,0.55
07:18:04:54:00,0,65.122,0.55
07:18:04:55:00,0,65.122,0.55
07:18:04:56:00,0,65.122,0.55
07:18:04:57:00,0,65.122,0.55
07:18:04:58:00,0,65.122,0.55
07:18:04:59:00,0,65.122,0.55
07:18:05:00:00,5.17092,68.002,0.52
07:18:05:01:00,5.17092,68.002,0.52
07:18:05:02:00,5.17092,68.002,0.52
07:18:05:03:00,5.17092,68.002,0.52
07:18:05:04:00,5.17092,68.002,0.52
07:18:05:05:00,5.17092,68.002,0.52
07:18:05:06:00,5.17092,68.002,0.52
07:18:05:07:00,5.17092,68.002,0.52
07:18:05:08:00,5.17092,68.002,0.52
07:18:05:09:00,5.17092,68.002,0.52
07:18:05:10:00,5.17092,68.002,0.52
07:18:05:11:00,5.17092,68.002,0.52
07:18:05:12:00,5.17092,68.002,0.52
07:18:05:13:00,5.17092,68.002,0.52
07:18:05:14:00,5.17092,68.002,0.52
07:18:05:15:00,5.17092,68.002,0.52
07:18:05:16:00,5.17092,68.002,0.52
07:18:05:17:00,5.17092,68.002,0.52
07:18:05:18:00,5.17092,68.002,0.52
07:18:05:19:00,5.17092,68.002,0.52
07:18:05:20:00,5.17092,68.002,0.52
07:18:05:21:00,5.17092,68.002,0.52
07:18:05:22:00,5.17092,68.002,0.52
07:18:05:23:00,5.17092,68.002,0.52
07:18:05:24:00,5.17092,68.002,0.52
07:18:05:25:00,5.17092,68.002,0.52
07:18:05:26:00,5.17092,68.002,0.52
07:18:05:27:00,5.17092,68.002,0.52
07:18:05:28:00,5.17092,68.002,0.52
07:18:05:29:00,5.17092,68.002,0.52
07:18:05:30:00,5.17092,68.002,0.52
07:18:05:31:00,5.17092,68.002,0.52
07:18:05:32:00,5.17092,68.002,0.52
07:18:05:33:00,5.17092,68.002,0.52
07:18:05:34:00,5.17092,68.002,0.52
07:18:05:35:00,5.17092,68.002,0.52
07:18:05:36:00,5.17092,68.002,0.52
07:18:05:37:00,5.17092,68.002,0.52
07:18:05:38:00,5.17092,68.002,0.52
07:18:05:39:00,5.17092,68.002,0.52
07:18:05:40:00,5.17092,68.002,0.52
07:18:05:41:00,5.17092,68.002,0.52
07:18:05:42:00,5.17092,68.002,0.52
07:18:05:43:00,5.17092,68.002,0.52
07:18:05:44:00,5.17092,68.002,0.52
07:18:05:45:00,5.17092,68.002,0.52
07:18:05:46:00,5.17092,68.002,0.52
07:18:05:47:00,5.17092,68.002,0.52
07:18:05:48:00,5.17092,68.002,0.52
07:18:05:49:00,5.17092,68.002,0.52
07:18:05:50:00,5.17092,68.002,0.52
07:18:05:51:00,5.17092,68.002,0.52
07:18:05:52:00,5.17092,68.002,0.52
07:18:05:53:00,5.17092,68.002,0.52
07:18:05:54:00,5.17092,68.002,0.52
07:18:05:55:00,5.17092,68.002,0.52
07:18:05:56:00,5.17092,68.002,0.52
07:18:05:57:00,5.17092,68.002,0.52
07:18:05:58:00,5.17092,68.002,0.52
07:18:05:59:00,5.17092,68.002,0.52
07:18:06:00:00,23.5029,71.062,0.49
07:18:06:01:00,23.5029,71.062,0.49
07:18:06:02:00,23.5029,71.062,0.49
07:18:06:03:00,23.5029,71.062,0.49
07:18:06:04:00,23.5029,71.062,0.49
07:18:06:05:00,23.5029,71.062,0.49
07:18:06:06:00,23.5029,71.062,0.49
07:18:06:07:00,23.5029,71.062,0.49
07:18:06:08:00,23.5029,71.062,0.49
07:18:06:09:00,23.5029,71.062,0.49
07:18:06:10:00,23.5029,71.062,0.49
07:18:06:11:00,23.5029,71.062,0.49
07:18:06:12:00,23.5029,71.062,0.49
07:18:06:13:00,23.5029,71.062,0.49
07:18:06:14:00,23.5029,71.062,0.49
07:18:06:15:00,23.5029,71.062,0.49
07:18:06:16:00,23.5029,71.062,0.49
07:18:06:17:00,23.5029,71.062,0.49
07:18:06:18:00,23.5029,71.062,0.49
07:18:06:19:00,23.5029,71.062,0.49
07:18:06:20:00,23.5029,71.062,0.49
07:18:06:21:00,23.5029,71.062,0.49
07:18:06:22:00,23.5029,71.062,0.49
07:18:06:23:00,23.5029,71.062,0.49
07:18:06:24:00,23.5029,71.062,0.49
07:18:06:25:00,23.5029,71.062,0.49
07:18:06:26:00,23.5029,71.062,0.49
07:18:06:27:00,23.5029,71.062,0.49
07:18:06:28:00,23.5029,71.062,0.49
07:18:06:29:00,23.5029,71.062,0.49
07:18:06:30:00,23.5029,71.062,0.49
07:18:06:31:00,23.5029,71.062,0.49
07:18:06:32:00,23.5029,71.062,0.49
07:18:06:33:00,23.5029,71.062,0.49
07:18:06:34:00,23.5029,71.062,0.49
07:18:06:35:00,23.5029,71.062,0.49
07:18:06:36:00,23.5029,71.062,0.49
07:18:06:37:00,23.5029,71.062,0.49
07:18:06:38:00,23.5029,71.062,0.49
07:18:06:39:00,23.5029,71.062,0.49
07:18:06:40:00,23.5029,71.062,0.49
07:18:06:41:00,23.5029,71.062,0.49
07:18:06:42:00,23.5029,71.062,0.49
07:18:06:43:00,23.5029,71.062,0.49
07:18:06:44:00,23.5029,71.062,0.49
07:18:06:45:00,23.5029,71.062,0.49
07:18:06:46:00,23.5029,71.062,0.49
07:18:06:47:00,23.5029,71.062,0.49
07:18:06:48:00,23.5029,71.062,0.49
07:18:06:49:00,23.5029,71.062,0.49
07:18:06:50:00,23.5029,71.062,0.49
07:18:06:51:00,23.5029,71.062,0.49
07:18:06:52:00,23.5029,71.062,0.49
07:18:06:53:00,23.5029,71.062,0.49
07:18:06:54:00,23.5029,71.062,0.49
07:18:06:55:00,23.5029,71.062,0.49
07:18:06:56:00,23.5029,71.062,0.49
07:18:06:57:00,23.5029,71.062,0.49
07:18:06:58:00,23.5029,71.062,0.49
07:18:06:59:00,23.5029,71.062,0.49
07:18:07:00:00,43.5204,76.642,0.43
07:18:07:01:00,43.5204,76.642,0.43
07:18:07:02:00,43.5204,76.642,0.43
07:18:07:03:00,43.5204,76.642,0.43
07:18:07:04:00,43.5204,76.642,0.43
07:18:07:05:00,43.5204,76.642,0.43
07:18:07:06:00,43.5204,76.642,0.43
07:18:07:07:00,43.5204,76.642,0.43
07:18:07:08:00,43.5204,76.642,0.43
07:18:07:09:00,43.5204,76.642,0.43
07:18:07:10:00,43.5204,76.642,0.43
07:18:07:11:00,43.5204,76.642,0.43
07:18:07:12:00,43.5204,76.642,0.43
07:18:07:13:00,43.5204,76.642,0.43
07:18:07:14:00,43.5204,76.642,0.43
07:18:07:15:00,43.5204,76.642,0.43
07:18:07:16:00,43.5204,76.642,0.43
07:18:07:17:00,43.5204,76.642,0.43
07:18:07:18:00,43.5204,76.642,0.43
07:18:07:19:00,43.5204,76.642,0.43
07:18:07:20:00,43.5204,76.642,0.43
07:18:07:21:00,43.5204,76.642,0.43
07:18:07:22:00,43.5204,76.642,0.43
07:18:07:23:00,43.5204,76.642,0.43
07:18:07:24:00,43.5204,76.642,0.43
07:18:07:25:00,43.5204,76.642,0.43
07:18:07:26:00,43.5204,76.642,0.43
07:18:07:27:00,43.5204,76.642,0.43
07:18:07:28:00,43.5204,76.642,0.43
07:18:07:29:00,43.5204,76.642,0.43
07:18:07:30:00,43.5204,76.642,0.43
07:18:07:31:00,43.5204,76.642,0.43
07:18:07:32:00,43.5204,76.642,0.43
07:18:07:33:00,43.5204,76.642,0.43
07:18:07:34:00,43.5204,76.642,0.43
07:18:07:35:00,43.5204,76.642,0.43
07:18:07:36:00,43.5204,76.642,0.43
07:18:07:37:00,43.5204,76.642,0.43
07:18:07:38:00,43.5204,76.642,0.43
07:18:07:39:00,43.5204,76.642,0.43
07:18:07:40:00,43.5204,76.642,0.43
07:18:07:41:00,43.5204,76.642,0.43
07:18:07:42:00,43.5204,76.642,0.43
07:18:07:43:00,43.5204,76.642,0.43
07:18:07:44:00,43.5204,76.642,0.43
07:18:07:45:00,43.5204,76.642,0.43
07:18:07:46:00,43.5204,76.642,0.43
07:18:07:47:00,43.5204,76.642,0.43
07:18:07:48:00,43.5204,76.642,0.43
07:18:07:49:00,43.5204,76.642,0.43
07:18:07:50:00,43.5204,76.642,0.43
07:18:07:51:00,43.5204,76.642,0.43
07:18:07:52:00,43.5204,76.642,0.43
07:18:07:53:00,43.5204,76.642,0.43
07:18:07:54:00,43.5204,76.642,0.43
07:18:07:55:00,43.5204,76.642,0.43
07:18:07:56:00,43.5204,76.642,0.43
07:18:07:57:00,43.5204,76.642,0.43
07:18:07:58:00,43.5204,76.642,0.43
07:18:07:59:00,43.5204,76.642,0.43
07:18:08:00:00,61.8351,82.402,0.37
07:18:08:01:00,61.8351,82.402,0.37
07:18:08:02:00,61.8351,82.402,0.37
07:18:08:03:00,61.8351,82.402,0.37
07:18:08:04:00,61.8351,82.402,0.37
07:18:08:05:00,61.8351,82.402,0.37
07:18:08:06:00,61.8351,82.402,0.37
07:18:08:07:00,61.8351,82.402,0.37
07:18:08:08:00,61.8351,82.402,0.37
07:18:08:09:00,61.8351,82.402,0.37
07:18:08:10:00,61.8351,82.402,0.37
07:18:08:11:00,61.8351,82.402,0.37
07:18:08:12:00,61.8351,82.402,0.37
07:18:08:13:00,61.8351,82.402,0.37
07:18:08:14:00,61.8351,82.402,0.37
07:18:08:15:00,61.8351,82.402,0.37
07:18:08:16:00,61.8351,82.402,0.37
07:18:08:17:00,61.8351,82.402,0.37
07:18:08:18:00,61.8351,82.402,0.37
07:18:08:19:00,61.8351,82.402,0.37
07:18:08:20:00,61.8351,82.402,0.37
07:18:08:21:00,61.8351,82.402,0.37
07:18:08:22:00,61.8351,82.402,0.37
07:18:08:23:00,61.8351,82.402,0.37
07:18:08:24:00,61.8351,82.402,0.37
07:18:08:25:00,61.8351,82.402,0.37
07:18:08:26:00,61.8351,82.402,0.37
07:18:08:27:00,61.8351,82.402,0.37
07:18:08:28:00,61.8351,82.402,0.37
07:18:08:29:00,61.8351,82.402,0.37
07:18:08:30:00,61.8351,82.402,0.37
07:18:08:31:00,61.8351,82.402,0.37
07:18:08:32:00,61.8351,82.402,0.37
07:18:08:33:00,61.8351,82.402,0.37
07:18:08:34:00,61.8351,82.402,0.37
07:18:08:35:00,61.8351,82.402,0.37
07:18:08:36:00,61.8351,82.402,0.37
07:18:08:37:00,61.8351,82.402,0.37
07:18:08:38:00,61.8351,82.402,0.37
07:18:08:39:00,61.8351,82.402,0.37
07:18:08:40:00,61.8351,82.402,0.37
07:18:08:41:00,61.8351,82.402,0.37
07:18:08:42:00,61.8351,82.402,0.37
07:18:08:43:00,61.8351,82.402,0.37
07:18:08:44:00,61.8351,82.402,0.37
07:18:08:45:00,61.8351,82.402,0.37
07:18:08:46:00,61.8351,82.402,0.37
07:18:08:47:00,61.8351,82.402,0.37
07:18:08:48:00,61.8351,82.402,0.37
07:18:08:49:00,61.8351,82.402,0.37
07:18:08:50:00,61.8351,82.402,0.37
07:18:08:51:00,61.8351,82.402,0.37
07:18:08:52:00,61.8351,82.402,0.37
07:18:08:53:00,61.8351,82.402,0.37
07:18:08:54:00,61.8351,82.402,0.37
07:18:08:55:00,61.8351,82.402,0.37
07:18:08:56:00,61.8351,82.402,0.37
07:18:08:57:00,61.8351,82.402,0.37
07:18:08:58:00,61.8351,82.402,0.37
07:18:08:59:00,61.8351,82.402,0.37
07:18:09:00:00,76.5369,87.982,0.31
07:18:09:01:00,76.5369,87.982,0.31
07:18:09:02:00,76.5369,87.982,0.31
07:18:09:03:00,76.5369,87.982,0.31
07:18:09:04:00,76.5369,87.982,0.31
07:18:09:05:00,76.5369,87.982,0.31
07:18:09:06:00,76.5369,87.982,0.31
07:18:09:07:00,76.5369,87.982,0.31
07:18:09:08:00,76.5369,87.982,0.31
07:18:09:09:00,76.5369,87.982,0.31
07:18:09:10:00,76.5369,87.982,0.31
07:18:09:11:00,76.5369,87.982,0.31
07:18:09:12:00,76.5369,87.982,0.31
07:18:09:13:00,76.5369,87.982,0.31
07:18:09:14:00,76.5369,87.982,0.31
07:18:09:15:00,76.5369,87.982,0.31
07:18:09:16:00,76.5369,87.982,0.31
07:18:09:17:00,76.5369,87.982,0.31
07:18:09:18:00,76.5369,87.982,0.31
07:18:09:19:00,76.5369,87.982,0.31
07:18:09:20:00,76.5369,87.982,0.31
07:18:09:21:00,76.5369,87.982,0.31
07:18:09:22:00,76.5369,87.982,0.31
07:18:09:23:00,76.5369,87.982,0.31
07:18:09:24:00,76.5369,87.982,0.31
07:18:09:25:00,76.5369,87.982,0.31
07:18:09:26:00,76.5369,87.982,0.31
07:18:09:27:00,76.5369,87.982,0.31
07:18:09:28:00,76.5369,87.982,0.31
07:18:09:29:00,76.5369,87.982,0.31
07:18:09:30:00,76.5369,87.982,0.31
07:18:09:31:00,76.5369,87.982,0.31
07:18:09:32:00,76.5369,87.982,0.31
07:18:09:33:00,76.5369,87.982,0.31
07:18:09:34:00,76.5369,87.982,0.31
07:18:09:35:00,76.5369,87.982,0.31
07:18:09:36:00,76.5369,87.982,0.31
07:18:09:37:00,76.5369,87.982,0.31
07:18:09:38:00,76.5369,87.982,0.31
07:18:09:39:00,76.5369,87.982,0.31
07:18:09:40:00,76.5369,87.982,0.31
07:18:09:41:00,76.5369,87.982,0.31
07:18:09:42:00,76.5369,87.982,0.31
07:18:09:43:00,76.5369,87.982,0.31
07:18:09:44:00,76.5369,87.982,0.31
07:18:09:45:00,76.5369,87.982,0.31
07:18:09:46:00,76.5369,87.982,0.31
07:18:09:47:00,76.5369,87.982,0.31
07:18:09:48:00,76.5369,87.982,0.31
07:18:09:49:00,76.5369,87.982,0.31
07:18:09:50:00,76.5369,87.982,0.31
07:18:09:51:00,76.5369,87.982,0.31
07:18:09:52:00,76.5369,87.982,0.31
07:18:09:53:00,76.5369,87.982,0.31
07:18:09:54:00,76.5369,87.982,0.31
07:18:09:55:00,76.5369,87.982,0.31
07:18:09:56:00,76.5369,87.982,0.31
07:18:09:57:00,76.5369,87.982,0.31
07:18:09:58:00,76.5369,87.982,0.31
07:18:09:59:00,76.5369,87.982,0.31
07:18:10:00:00,86.6618,91.042,0.29
07:18:10:01:00,86.6618,91.042,0.29
07:18:10:02:00,86.6618,91.042,0.29
07:18:10:03:00,86.6618,91.042,0.29
07:18:10:04:00,86.6618,91.042,0.29
07:18:10:05:00,86.6618,91.042,0.29
07:18:10:06:00,86.6618,91.042,0.29
07:18:10:07:00,86.6618,91.042,0.29
07:18:10:08:00,86.6618,91.042,0.29
07:18:10:09:00,86.6618,91.042,0.29
07:18:10:10:00,86.6618,91.042,0.29
07:18:10:11:00,86.6618,91.042,0.29
07:18:10:12:00,86.6618,91.042,0.29
07:18:10:13:00,86.6618,91.042,0.29
07:18:10:14:00,86.6618,91.042,0.29
07:18:10:15:00,86.6618,91.042,0.29
07:18:10:16:00,86.6618,91.042,0.29
07:18:10:17:00,86.6618,91.042,0.29
07:18:10:18:00,86.6618,91.042,0.29
07:18:10:19:00,86.6618,91.042,0.29
07:18:10:20:00,86.6618,91.042,0.29
07:18:10:21:00,86.6618,91.042,0.29
07:18:10:22:00,86.6618,91.042,0.29
07:18:10:23:00,86.6618,91.042,0.29
07:18:10:24:00,86.6618,91.042,0.29
07:18:10:25:00,86.6618,91.042,0.29
07:18:10:26:00,86.6618,91.042,0.29
07:18:10:27:00,86.6618,91.042,0.29
07:18:10:28:00,86.6618,91.042,0.29
07:18:10:29:00,86.6618,91.042,0.29
07:18:10:30:00,86.6618,91.042,0.29
07:18:10:31:00,86.6618,91.042,0.29
07:18:10:32:00,86.6618,91.042,0.29
07:18:10:33:00,86.6618,91.042,0.29
07:18:10:34:00,86.6618,91.042,0.29
07:18:10:35:00,86.6618,91.042,0.29
07:18:10:36:00,86.6618,91.042,0.29
07:18:10:37:00,86.6618,91.042,0.29
07:18:10:38:00,86.6618,91.042,0.29
07:18:10:39:00,86.6618,91.042,0.29
07:18:10:40:00,86.6618,91.042,0.29
07:18:10:41:00,86.6618,91.042,0.29
07:18:10:42:00,86.6618,91.042,0.29
07:18:10:43:00,86.6618,91.042,0.29
07:18:10:44:00,86.6618,91.042,0.29
07:18:10:45:00,86.6618,91.042,0.29
07:18:10:46:00,86.6618,91.042,0.29
07:18:10:47:00,86.6618,91.042,0.29
07:18:10:48:00,86.6618,91.042,0.29
07:18:10:49:00,86.6618,91.042,0.29
07:18:10:50:00,86.6618,91.042,0.29
07:18:10:51:00,86.6618,91.042,0.29
07:18:10:52:00,86.6618,91.042,0.29
07:18:10:53:00,86.6618,91.042,0.29
07:18:10:54:00,86.6618,91.042,0.29
07:18:10:55:00,86.6618,91.042,0.29
07:18:10:56:00,86.6618,91.042,0.29
07:18:10:57:00,86.6618,91.042,0.29
07:18:10:58:00,86.6618,91.042,0.29
07:18:10:59:00,86.6618,91.042,0.29
07:18:11:00:00,91.3893,93.922,0.26
07:18:11:01:00,91.3893,93.922,0.26
07:18:11:02:00,91.3893,93.922,0.26
07:18:11:03:00,91.3893,93.922,0.26
07:18:11:04:00,91.3893,93.922,0.26
07:18:11:05:00,91.3893,93.922,0.26
07:18:11:06:00,91.3893,93.922,0.26
07:18:11:07:00,91.3893,93.922,0.26
07:18:11:08:00,91.3893,93.922,0.26
07:18:11:09:00,91.3893,93.922,0.26
07:18:11:10:00,91.3893,93.922,0.26
07:18:11:11:00,91.3893,93.922,0.26
07:18:11:12:00,91.3893,93.922,0.26
07:18:11:13:00,91.3893,93.922,0.26
07:18:11:14:00,91.3893,93.922,0.26
07:18:11:15:00,91.3893,93.922,0.26
07:18:11:16:00,91.3893,93.922,0.26
07:18:11:17:00,91.3893,93.922,0.26
07:18:11:18:00,91.3893,93.922,0.26
07:18:11:19:00,91.3893,93.922,0.26
07:18:11:20:00,91.3893,93.922,0.26
07:18:11:21:00,91.3893,93.922,0.26
07:18:11:22:00,91.3893,93.922,0.26
07:18:11:23:00,91.3893,93.922,0.26
07:18:11:24:00,91.3893,93.922,0.26
07:18:11:25:00,91.3893,93.922,0.26
07:18:11:26:00,91.3893,93.922,0.26
07:18:11:27:00,91.3893,93.922,0.26
07:18:11:28:00,91.3893,93.922,0.26
07:18:11:29:00,91.3893,93.922,0.26
07:18:11:30:00,91.3893,93.922,0.26
07:18:11:31:00,91.3893,93.922,0.26
07:18:11:32:00,91.3893,93.922,0.26
07:18:11:33:00,91.3893,93.922,0.26
07:18:11:34:00,91.3893,93.922,0.26
07:18:11:35:00,91.3893,93.922,0.26
07:18:11:36:00,91.3893,93.922,0.26
07:18:11:37:00,91.3893,93.922,0.26
07:18:11:38:00,91.3893,93.922,0.26
07:18:11:39:00,91.3893,93.922,0.26
07:18:11:40:00,91.3893,93.922,0.26
07:18:11:41:00,91.3893,93.922,0.26
07:18:11:42:00,91.3893,93.922,0.26
07:18:11:43:00,91.3893,93.922,0.26
07:18:11:44:00,91.3893,93.922,0.26
07:18:11:45:00,91.3893,93.922,0.26
07:18:11:46:00,91.3893,93.922,0.26
07:18:11:47:00,91.3893,93.922,0.26
07:18:11:48:00,91.3893,93.922,0.26
07:18:11:49:00,91.3893,93.922,0.26
07:18:11:50:00,91.3893,93.922,0.26
07:18:11:51:00,91.3893,93.922,0.26
07:18:11:52:00,91.3893,93.922,0.26
07:18:11:53:00,91.3893,93.922,0.26
07:18:11:54:00,91.3893,93.922,0.26
07:18:11:55:00,91.3893,93.922,0.26
07:18:11:56:00,91.3893,93.922,0.26
07:18:11:57:00,91.3893,93.922,0.26
07:18:11:58:00,91.3893,93.922,0.26
07:18:11:59:00,91.3893,93.922,0.26
07:18:12:00:00,90.343,96.982,0.24
07:18:12:01:00,90.343,96.982,0.24
07:18:12:02:00,90.343,96.982,0.24
07:18:12:03:00,90.343,96.982,0.24
07:18:12:04:00,90.343,96.982,0.24
07:18:12:05:00,90.343,96.982,0.24
07:18:12:06:00,90.343,96.982,0.24
07:18:12:07:00,90.343,96.982,0.24
07:18:12:08:00,90.343,96.982,0.24
07:18:12:09:00,90.343,96.982,0.24
07:18:12:10:00,90.343,96.982,0.24
07:18:12:11:00,90.343,96.982,0.24
07:18:12:12:00,90.343,96.982,0.24
07:18:12:13:00,90.343,96.982,0.24
07:18:12:14:00,90.343,96.982,0.24
07:18:12:15:00,90.343,96.982,0.24
07:18:12:16:00,90.343,96.982,0.24
07:18:12:17:00,90.343,96.982,0.24
07:18:12:18:00,90.343,96.982,0.24
07:18:12:19:00,90.343,96.982,0.24
07:18:12:20:00,90.343,96.982,0.24
07:18:12:21:00,90.343,96.982,0.24
07:18:12:22:00,90.343,96.982,0.24
07:18:12:23:00,90.343,96.982,0.24
07:18:12:24:00,90.343,96.982,0.24
07:18:12:25:00,90.343,96.982,0.24
07:18:12:26:00,90.343,96.982,0.24
07:18:12:27:00,90.343,96.982,0.24
07:18:12:28:00,90.343,96.982,0.24
07:18:12:29:00,90.343,96.982,0.24
07:18:12:30:00,90.343,96.982,0.24
07:18:12:31:00,90.343,96.982,0.24
07:18:12:32:00,90.343,96.982,0.24
07:18:12:33:00,90.343,96.982,0.24
07:18:12:34:00,90.343,96.982,0.24
07:18:12:35:00,90.343,96.982,0.24
07:18:12:36:00,90.343,96.982,0.24
07:18:12:37:00,90.343,96.982,0.24
07:18:12:38:00,90.343,96.982,0.24
07:18:12:39:00,90.343,96.982,0.24
07:18:12:40:00,90.343,96.982,0.24
07:18:12:41:00,90.343,96.982,0.24
07:18:12:42:00,90.343,96.982,0.24
07:18:12:43:00,90.343,96.982,0.24
07:18:12:44:00,90.343,96.982,0.24
07:18:12:45:00,90.343,96.982,0.24
07:18:12:46:00,90.343,96.982,0.24
07:18:12:47:00,90.343,96.982,0.24
07:18:12:48:00,90.343,96.982,0.24
07:18:12:49:00,90.343,96.982,0.24
07:18:12:50:00,90.343,96.982,0.24
07:18:12:51:00,90.343,96.982,0.24
07:18:12:52:00,90.343,96.982,0.24
07:18:12:53:00,90.343,96.982,0.24
07:18:12:54:00,90.343,96.982,0.24
07:18:12:55:00,90.343,96.982,0.24
07:18:12:56:00,90.343,96.982,0.24
07:18:12:57:00,90.343,96.982,0.24
07:18:12:58:00,90.343,96.982,0.24
07:18:12:59:00,90.343,96.982,0.24
07:18:13:00:00,83.9792,98.062,0.22
07:18:13:01:00,83.9792,98.062,0.22
07:18:13:02:00,83.9792,98.062,0.22
07:18:13:03:00,83.9792,98.062,0.22
07:18:13:04:00,83.9792,98.062,0.22
07:18:13:05:00,83.9792,98.062,0.22
07:18:13:06:00,83.9792,98.062,0.22
07:18:13:07:00,83.9792,98.062,0.22
07:18:13:08:00,83.9792,98.062,0.22
07:18:13:09:00,83.9792,98.062,0.22
07:18:13:10:00,83.9792,98.062,0.22
07:18:13:11:00,83.9792,98.062,0.22
07:18:13:12:00,83.9792,98.062,0.22
07:18:13:13:00,83.9792,98.062,0.22
07:18:13:14:00,83.9792,98.062,0.22
07:18:13:15:00,83.9792,98.062,0.22
07:18:13:16:00,83.9792,98.062,0.22
07:18:13:17:00,83.9792,98.062,0.22
07:18:13:18:00,83.9792,98.062,0.22
07:18:13:19:00,83.9792,98.062,0.22
07:18:13:20:00,83.9792,98.062,0.22
07:18:13:21:00,83.9792,98.062,0.22
07:18:13:22:00,83.9792,98.062,0.22
07:18:13:23:00,83.9792,98.062,0.22
07:18:13:24:00,83.9792,98.062,0.22
07:18:13:25:00,83.9792,98.062,0.22
07:18:13:26:00,83.9792,98.062,0.22
07:18:13:27:00,83.9792,98.062,0.22
07:18:13:28:00,83.9792,98.062,0.22
07:18:13:29:00,83.9792,98.062,0.22
07:18:13:30:00,83.9792,98.062,0.22
07:18:13:31:00,83.9792,98.062,0.22
07:18:13:32:00,83.9792,98.062,0.22
07:18:13:33:00,83.9792,98.062,0.22
07:18:13:34:00,83.9792,98.062,0.22
07:18:13:35:00,83.9792,98.062,0.22
07:18:13:36:00,83.9792,98.062,0.22
07:18:13:37:00,83.9792,98.062,0.22
07:18:13:38:00,83.9792,98.062,0.22
07:18:13:39:00,83.9792,98.062,0.22
07:18:13:40:00,83.9792,98.062,0.22
07:18:13:41:00,83.9792,98.062,0.22
07:18:13:42:00,83.9792,98.062,0.22
07:18:13:43:00,83.9792,98.062,0.22
07:18:13:44:00,83.9792,98.062,0.22
07:18:13:45:00,83.9792,98.062,0.22
07:18:13:46:00,83.9792,98.062,0.22
07:18:13:47:00,83.9792,98.062,0.22
07:18:13:48:00,83.9792,98.062,0.22
07:18:13:49:00,83.9792,98.062,0.22
07:18:13:50:00,83.9792,98.062,0.22
07:18:13:51:00,83.9792,98.062,0.22
07:18:13:52:00,83.9792,98.062,0.22
07:18:13:53:00,83.9792,98.062,0.22
07:18:13:54:00,83.9792,98.062,0.22
07:18:13:55:00,83.9792,98.062,0.22
07:18:13:56:00,83.9792,98.062,0.22
07:18:13:57:00,83.9792,98.062,0.22
07:18:13:58:00,83.9792,98.062,0.22
07:18:13:59:00,83.9792,98.062,0.22
07:18:14:00:00,72.8984,98.962,0.21
07:18:14:01:00,72.8984,98.962,0.21
07:18:14:02:00,72.8984,98.962,0.21
07:18:14:03:00,72.8984,98.962,0.21
07:18:14:04:00,72.8984,98.962,0.21
07:18:14:05:00,72.8984,98.962,0.21
07:18:14:06:00,72.8984,98.962,0.21
07:18:14:07:00,72.8984,98.962,0.21
07:18:14:08:00,72.8984,98.962,0.21
07:18:14:09:00,72.8984,98.962,0.21
07:18:14:10:00,72.8984,98.962,0.21
07:18:14:11:00,72.8984,98.962,0.21
07:18:14:12:00,72.8984,98.962,0.21
07:18:14:13:00,72.8984,98.962,0.21
07:18:14:14:00,72.8984,98.962,0.21
07:18:14:15:00,72.8984,98.962,0.21
07:18:14:16:00,72.8984,98.962,0.21
07:18:14:17:00,72.8984,98.962,0.21
07:18:14:18:00,72.8984,98.962,0.21
07:18:14:19:00,72.8984,98.962,0.21
07:18:14:20:00,72.8984,98.962,0.21
07:18:14:21:00,72.8984,98.962,0.21
07:18:14:22:00,72.8984,98.962,0.21
07:18:14:23:00,72.8984,98.962,0.21
07:18:14:24:00,72.8984,98.962,0.21
07:18:14:25:00,72.8984,98.962,0.21
07:18:14:26:00,72.8984,98.962,0.21
07:18:14:27:00,72.8984,98.962,0.21
07:18:14:28:00,72.8984,98.962,0.21
07:18:14:29:00,72.8984,98.962,0.21
07:18:14:30:00,72.8984,98.962,0.21
07:18:14:31:00,72.8984,98.962,0.21
07:18:14:32:00,72.8984,98.962,0.21
07:18:14:33:00,72.8984,98.962,0.21
07:18:14:34:00,72.8984,98.962,0.21
07:18:14:35:00,72.8984,98.962,0.21
07:18:14:36:00,72.8984,98.962,0.21
07:18:14:37:00,72.8984,98.962,0.21
07:18:14:38:00,72.8984,98.962,0.21
07:18:14:39:00,72.8984,98.962,0.21
07:18:14:40:00,72.8984,98.962,0.21
07:18:14:41:00,72.8984,98.962,0.21
07:18:14:42:00,72.8984,98.962,0.21
07:18:14:43:00,72.8984,98.962,0.21
07:18:14:44:00,72.8984,98.962,0.21
07:18:14:45:00,72.8984,98.962,0.21
07:18:14:46:00,72.8984,98.962,0.21
07:18:14:47:00,72.8984,98.962,0.21
07:18:14:48:00,72.8984,98.962,0.21
07:18:14:49:00,72.8984,98.962,0.21
07:18:14:50:00,72.8984,98.962,0.21
07:18:14:51:00,72.8984,98.962,0.21
07:18:14:52:00,72.8984,98.962,0.21
07:18:14:53:00,72.8984,98.962,0.21
07:18:14:54:00,72.8984,98.962,0.21
07:18:14:55:00,72.8984,98.962,0.21
07:18:14:56:00,72.8984,98.962,0.21
07:18:14:57:00,72.8984,98.962,0.21
07:18:14:58:00,72.8984,98.962,0.21
07:18:14:59:00,72.8984,98.962,0.21
07:18:15:00:00,57.7334,100.042,0.19
07:18:15:01:00,57.7334,100.042,0.19
07:18:15:02:00,57.7334,100.042,0.19
07:18:15:03:00,57.7334,100.042,0.19
07:18:15:04:00,57.7334,100.042,0.19
07:18:15:05:00,57.7334,100.042,0.19
07:18:15:06:00,57.7334,100.042,0.19
07:18:15:07:00,57.7334,100.042,0.19
07:18:15:08:00,57.7334,100.042,0.19
07:18:15:09:00,57.7334,100.042,0.19
07:18:15:10:00,57.7334,100.042,0.19
07:18:15:11:00,57.7334,100.042,0.19
07:18:15:12:00,57.7334,100.042,0.19
07:18:15:13:00,57.7334,100.042,0.19
07:18:15:14:00,57.7334,100.042,0.19
07:18:15:15:00,57.7334,100.042,0.19
07:18:15:16:00,57.7334,100.042,0.19
07:18:15:17:00,57.7334,100.042,0.19
07:18:15:18:00,57.7334,100.042,0.19
07:18:15:19:00,57.7334,100.042,0.19
07:18:15:20:00,57.7334,100.042,0.19
07:18:15:21:00,57.7334,100.042,0.19
07:18:15:22:00,57.7334,100.042,0.19
07:18:15:23:00,57.7334,100.042,0.19
07:18:15:24:00,57.7334,100.042,0.19
07:18:15:25:00,57.7334,100.042,0.19
07:18:15:26:00,57.7334,100.042,0.19
07:18:15:27:00,57.7334,100.042,0.19
07:18:15:28:00,57.7334,100.042,0.19
07:18:15:29:00,57.7334,100.042,0.19
07:18:15:30:00,57.7334,100.042,0.19
07:18:15:31:00,57.7334,100.042,0.19
07:18:15:32:00,57.7334,100.042,0.19
07:18:15:33:00,57.7334,100.042,0.19
07:18:15:34:00,57.7334,100.042,0.19
07:18:15:35:00,57.7334,100.042,0.19
07:18:15:36:00,57.7334,100.042,0.19
07:18:15:37:00,57.7334,100.042,0.19
07:18:15:38:00,57.7334,100.042,0.19
07:18:15:39:00,57.7334,100.042,0.19
07:18:15:40:00,57.7334,100.042,0.19
07:18:15:41:00,57.7334,100.042,0.19
07:18:15:42:00,57.7334,100.042,0.19
07:18:15:43:00,57.7334,100.042,0.19
07:18:15:44:00,57.7334,100.042,0.19
07:18:15:45:00,57.7334,100.042,0.19
07:18:15:46:00,57.7334,100.042,0.19
07:18:15:47:00,57.7334,100.042,0.19
07:18:15:48:00,57.7334,100.042,0.19
07:18:15:49:00,57.7334,100.042,0.19
07:18:15:50:00,57.7334,100.042,0.19
07:18:15:51:00,57.7334,100.042,0.19
07:18:15:52:00,57.7334,100.042,0.19
07:18:15:53:00,57.7334,100.042,0.19
07:18:15:54:00,57.7334,100.042,0.19
07:18:15:55:00,57.7334,100.042,0.19
07:18:15:56:00,57.7334,100.042,0.19
07:18:15:57:00,57.7334,100.042,0.19
07:18:15:58:00,57.7334,100.042,0.19
07:18:15:59:00,57.7334,100.042,0.19
07:18:16:00:00,39.6442,97.702,0.21
07:18:16:01:00,39.6442,97.702,0.21
07:18:16:02:00,39.6442,97.702,0.21
07:18:16:03:00,39.6442,97.702,0.21
07:18:16:04:00,39.6442,97.702,0.21
07:18:16:05:00,39.6442,97.702,0.21
07:18:16:06:00,39.6442,97.702,0.21
07:18:16:07:00,39.6442,97.702,0.21
07:18:16:08:00,39.6442,97.702,0.21
07:18:16:09:00,39.6442,97.702,0.21
07:18:16:10:00,39.6442,97.702,0.21
07:18:16:11:00,39.6442,97.702,0.21
07:18:16:12:00,39.6442,97.702,0.21
07:18:16:13:00,39.6442,97.702,0.21
07:18:16:14:00,39.6442,97.702,0.21
07:18:16:15:00,39.6442,97.702,0.21
07:18:16:16:00,39.6442,97.702,0.21
07:18:16:17:00,39.6442,97.702,0.21
07:18:16:18:00,39.6442,97.702,0.21
07:18:16:19:00,39.6442,97.702,0.21
07:18:16:20:00,39.6442,97.702,0.21
07:18:16:21:00,39.6442,97.702,0.21
07:18:16:22:00,39.6442,97.702,0.21
07:18:16:23:00,39.6442,97.702,0.21
07:18:16:24:00,39.6442,97.702,0.21
07:18:16:25:00,39.6442,97.702,0.21
07:18:16:26:00,39.6442,97.702,0.21
07:18:16:27:00,39.6442,97.702,0.21
07:18:16:28:00,39.6442,97.702,0.21
07:18:16:29:00,39.6442,97.702,0.21
07:18:16:30:00,39.6442,97.702,0.21
07:18:16:31:00,39.6442,97.702,0.21
07:18:16:32:00,39.6442,97.702,0.21
07:18:16:33:00,39.6442,97.702,0.21
07:18:16:34:00,39.6442,97.702,0.21
07:18:16:35:00,39.6442,97.702,0.21
07:18:16:36:00,39.6442,97.702,0.21
07:18:16:37:00,39.6442,97.702,0.21
07:18:16:38:00,39.6442,97.702,0.21
07:18:16:39:00,39.6442,97.702,0.21
07:18:16:40:00,39.6442,97.702,0.21
07:18:16:41:00,39.6442,97.702,0.21
07:18:16:42:00,39.6442,97.702,0.21
07:18:16:43:00,39.6442,97.702,0.21
07:18:16:44:00,39.6442,97.702,0.21
07:18:16:45:00,39.6442,97.702,0.21
07:18:16:46:00,39.6442,97.702,0.21
07:18:16:47:00,39.6442,97.702,0.21
07:18:16:48:00,39.6442,97.702,0.21
07:18:16:49:00,39.6442,97.702,0.21
07:18:16:50:00,39.6442,97.702,0.21
07:18:16:51:00,39.6442,97.702,0.21
07:18:16:52:00,39.6442,97.702,0.21
07:18:16:53:00,39.6442,97.702,0.21
07:18:16:54:00,39.6442,97.702,0.21
07:18:16:55:00,39.6442,97.702,0.21
07:18:16:56:00,39.6442,97.702,0.21
07:18:16:57:00,39.6442,97.702,0.21
07:18:16:58:00,39.6442,97.702,0.21
07:18:16:59:00,39.6442,97.702,0.21
07:18:17:00:00,21.3106,95.362,0.24
07:18:17:01:00,21.3106,95.362,0.24
07:18:17:02:00,21.3106,95.362,0.24
07:18:17:03:00,21.3106,95.362,0.24
07:18:17:04:00,21.3106,95.362,0.24
07:18:17:05:00,21.3106,95.362,0.24
07:18:17:06:00,21.3106,95.362,0.24
07:18:17:07:00,21.3106,95.362,0.24
07:18:17:08:00,21.3106,95.362,0.24
07:18:17:09:00,21.3106,95.362,0.24
07:18:17:10:00,21.3106,95.362,0.24
07:18:17:11:00,21.3106,95.362,0.24
07:18:17:12:00,21.3106,95.362,0.24
07:18:17:13:00,21.3106,95.362,0.24
07:18:17:14:00,21.3106,95.362,0.24
07:18:17:15:00,21.3106,95.362,0.24
07:18:17:16:00,21.3106,95.362,0.24
07:18:17:17:00,21.3106,95.362,0.24
07:18:17:18:00,21.3106,95.362,0.24
07:18:17:19:00,21.3106,95.362,0.24
07:18:17:20:00,21.3106,95.362,0.24
07:18:17:21:00,21.3106,95.362,0.24
07:18:17:22:00,21.3106,95.362,0.24
07:18:17:23:00,21.3106,95.362,0.24
07:18:17:24:00,21.3106,95.362,0.24
07:18:17:25:00,21.3106,95.362,0.24
07:18:17:26:00,21.3106,95.362,0.24
07:18:17:27:00,21.3106,95.362,0.24
07:18:17:28:00,21.3106,95.362,0.24
07:18:17:29:00,21.3106,95.362,0.24
07:18:17:30:00,21.3106,95.362,0.24
07:18:17:31:00,21.3106,95.362,0.24
07:18:17:32:00,21.3106,95.362,0.24
07:18:17:33:00,21.3106,95.362,0.24
07:18:17:34:00,21.3106,95.362,0.24
07:18:17:35:00,21.3106,95.362,0.24
07:18:17:36:00,21.3106,95.362,0.24
07:18:17:37:00,21.3106,95.362,0.24
07:18:17:38:00,21.3106,95.362,0.24
07:18:17:39:00,21.3106,95.362,0.24
07:18:17:40:00,21.3106,95.362,0.24
07:18:17:41:00,21.3106,95.362,0.24
07:18:17:42:00,21.3106,95.362,0.24
07:18:17:43:00,21.3106,95.362,0.24
07:18:17:44:00,21.3106,95.362,0.24
07:18:17:45:00,21.3106,95.362,0.24
07:18:17:46:00,21.3106,95.362,0.24
07:18:17:47:00,21.3106,95.362,0.24
07:18:17:48:00,21.3106,95.362,0.24
07:18:17:49:00,21.3106,95.362,0.24
07:18:17:50:00,21.3106,95.362,0.24
07:18:17:51:00,21.3106,95.362,0.24
07:18:17:52:00,21.3106,95.362,0.24
07:18:17:53:00,21.3106,95.362,0.24
07:18:17:54:00,21.3106,95.362,0.24
07:18:17:55:00,21.3106,95.362,0.24
07:18:17:56:00,21.3106,95.362,0.24
07:18:17:57:00,21.3106,95.362,0.24
07:18:17:58:00,21.3106,95.362,0.24
07:18:17:59:00,21.3106,95.362,0.24
07:18:18:00:00,6.27832,93.022,0.26
07:18:18:01:00,6.27832,93.022,0.26
07:18:18:02:00,6.27832,93.022,0.26
07:18:18:03:00,6.27832,93.022,0.26
07:18:18:04:00,6.27832,93.022,0.26
07:18:18:05:00,6.27832,93.022,0.26
07:18:18:06:00,6.27832,93.022,0.26
07:18:18:07:00,6.27832,93.022,0.26
07:18:18:08:00,6.27832,93.022,0.26
07:18:18:09:00,6.27832,93.022,0.26
07:18:18:10:00,6.27832,93.022,0.26
07:18:18:11:00,6.27832,93.022,0.26
07:18:18:12:00,6.27832,93.022,0.26
07:18:18:13:00,6.27832,93.022,0.26
07:18:18:14:00,6.27832,93.022,0.26
07:18:18:15:00,6.27832,93.022,0.26
07:18:18:16:00,6.27832,93.022,0.26
07:18:18:17:00,6.27832,93.022,0.26
07:18:18:18:00,6.27832,93.022,0.26
07:18:18:19:00,6.27832,93.022,0.26
07:18:18:20:00,6.27832,93.022,0.26
07:18:18:21:00,6.27832,93.022,0.26
07:18:18:22:00,6.27832,93.022,0.26
07:18:18:23:00,6.27832,93.022,0.26
07:18:18:24:00,6.27832,93.022,0.26
07:18:18:25:00,6.27832,93.022,0.26
07:18:18:26:00,6.27832,93.022,0.26
07:18:18:27:00,6.27832,93.022,0.26
07:18:18:28:00,6.27832,93.022,0.26
07:18:18:29:00,6.27832,93.022,0.26
07:18:18:30:00,6.27832,93.022,0.26
07:18:18:31:00,6.27832,93.022,0.26
07:18:18:32:00,6.27832,93.022,0.26
07:18:18:33:00,6.27832,93.022,0.26
07:18:18:34:00,6.27832,93.022,0.26
07:18:18:35:00,6.27832,93.022,0.26
07:18:18:36:00,6.27832,93.022,0.26
07:18:18:37:00,6.27832,93.022,0.26
07:18:18:38:00,6.27832,93.022,0.26
07:18:18:39:00,6.27832,93.022,0.26
07:18:18:40:00,6.27832,93.022,0.26
07:18:18:41:00,6.27832,93.022,0.26
07:18:18:42:00,6.27832,93.022,0.26
07:18:18:43:00,6.27832,93.022,0.26
07:18:18:44:00,6.27832,93.022,0.26
07:18:18:45:00,6.27832,93.022,0.26
07:18:18:46:00,6.27832,93.022,0.26
07:18:18:47:00,6.27832,93.022,0.26
07:18:18:48:00,6.27832,93.022,0.26
07:18:18:49:00,6.27832,93.022,0.26
07:18:18:50:00,6.27832,93.022,0.26
07:18:18:51:00,6.27832,93.022,0.26
07:18:18:52:00,6.27832,93.022,0.26
07:18:18:53:00,6.27832,93.022,0.26
07:18:18:54:00,6.27832,93.022,0.26
07:18:18:55:00,6.27832,93.022,0.26
07:18:18:56:00,6.27832,93.022,0.26
07:18:18:57:00,6.27832,93.022,0.26
07:18:18:58:00,6.27832,93.022,0.26
07:18:18:59:00,6.27832,93.022,0.26
07:18:19:00:00,0.92903,87.082,0.32
07:18:19:01:00,0.92903,87.082,0.32
07:18:19:02:00,0.92903,87.082,0.32
07:18:19:03:00,0.92903,87.082,0.32
07:18:19:04:00,0.92903,87.082,0.32
07:18:19:05:00,0.92903,87.082,0.32
07:18:19:06:00,0.92903,87.082,0.32
07:18:19:07:00,0.92903,87.082,0.32
07:18:19:08:00,0.92903,87.082,0.32
07:18:19:09:00,0.92903,87.082,0.32
07:18:19:10:00,0.92903,87.082,0.32
07:18:19:11:00,0.92903,87.082,0.32
07:18:19:12:00,0.92903,87.082,0.32
07:18:19:13:00,0.92903,87.082,0.32
07:18:19:14:00,0.92903,87.082,0.32
07:18:19:15:00,0.92903,87.082,0.32
07:18:19:16:00,0.92903,87.082,0.32
07:18:19:17:00,0.92903,87.082,0.32
07:18:19:18:00,0.92903,87.082,0.32
07:18:19:19:00,0.92903,87.082,0.32
07:18:19:20:00,0.92903,87.082,0.32
07:18:19:21:00,0.92903,87.082,0.32
07:18:19:22:00,0.92903,87.082,0.32
07:18:19:23:00,0.92903,87.082,0.32
07:18:19:24:00,0.92903,87.082,0.32
07:18:19:25:00,0.92903,87.082,0.32
07:18:19:26:00,0.92903,87.082,0.32
07:18:19:27:00,0.92903,87.082,0.32
07:18:19:28:00,0.92903,87.082,0.32
07:18:19:29:00,0.92903,87.082,0.32
07:18:19:30:00,0.92903,87.082,0.32
07:18:19:31:00,0.92903,87.082,0.32
07:18:19:32:00,0.92903,87.082,0.32
07:18:19:33:00,0.92903,87.082,0.32
07:18:19:34:00,0.92903,87.082,0.32
07:18:19:35:00,0.92903,87.082,0.32
07:18:19:36:00,0.92903,87.082,0.32
07:18:19:37:00,0.92903,87.082,0.32
07:18:19:38:00,0.92903,87.082,0.32
07:18:19:39:00,0.92903,87.082,0.32
07:18:19:40:00,0.92903,87.082,0.32
07:18:19:41:00,0.92903,87.082,0.32
07:18:19:42:00,0.92903,87.082,0.32
07:18:19:43:00,0.92903,87.082,0.32
07:18:19:44:00,0.92903,87.082,0.32
07:18:19:45:00,0.92903,87.082,0.32
07:18:19:46:00,0.92903,87.082,0.32
07:18:19:47:00,0.92903,87.082,0.32
07:18:19:48:00,0.92903,87.082,0.32
07:18:19:49:00,0.92903,87.082,0.32
07:18:19:50:00,0.92903,87.082,0.32
07:18:19:51:00,0.92903,87.082,0.32
07:18:19:52:00,0.92903,87.082,0.32
07:18:19:53:00,0.92903,87.082,0.32
07:18:19:54:00,0.92903,87.082,0.32
07:18:19:55:00,0.92903,87.082,0.32
07:18:19:56:00,0.92903,87.082,0.32
07:18:19:57:00,0.92903,87.082,0.32
07:18:19:58:00,0.92903,87.082,0.32
07:18:19:59:00,0.92903,87.082,0.32
07:18:20:00:00,0,80.962,0.37
07:18:20:01:00,0,80.962,0.37
07:18:20:02:00,0,80.962,0.37
07:18:20:03:00,0,80.962,0.37
07:18:20:04:00,0,80.962,0.37
07:18:20:05:00,0,80.962,0.37
07:18:20:06:00,0,80.962,0.37
07:18:20:07:00,0,80.962,0.37
07:18:20:08:00,0,80.962,0.37
07:18:20:09:00,0,80.962,0.37
07:18:20:10:00,0,80.962,0.37
07:18:20:11:00,0,80.962,0.37
07:18:20:12:00,0,80.962,0.37
07:18:20:13:00,0,80.962,0.37
07:18:20:14:00,0,80.962,0.37
07:18:20:15:00,0,80.962,0.37
07:18:20:16:00,0,80.962,0.37
07:18:20:17:00,0,80.962,0.37
07:18:20:18:00,0,80.962,0.37
07:18:20:19:00,0,80.962,0.37
07:18:20:20:00,0,80.962,0.37
07:18:20:21:00,0,80.962,0.37
07:18:20:22:00,0,80.962,0.37
07:18:20:23:00,0,80.962,0.37
07:18:20:24:00,0,80.962,0.37
07:18:20:25:00,0,80.962,0.37
07:18:20:26:00,0,80.962,0.37
07:18:20:27:00,0,80.962,0.37
07:18:20:28:00,0,80.962,0.37
07:18:20:29:00,0,80.962,0.37
07:18:20:30:00,0,80.962,0.37
07:18:20:31:00,0,80.962,0.37
07:18:20:32:00,0,80.962,0.37
07:18:20:33:00,0,80.962,0.37
07:18:20:34:00,0,80.962,0.37
07:18:20:35:00,0,80.962,0.37
07:18:20:36:00,0,80.962,0.37
07:18:20:37:00,0,80.962,0.37
07:18:20:38:00,0,80.962,0.37
07:18:20:39:00,0,80.962,0.37
07:18:20:40:00,0,80.962,0.37
07:18:20:41:00,0,80.962,0.37
07:18:20:42:00,0,80.962,0.37
07:18:20:43:00,0,80.962,0.37
07:18:20:44:00,0,80.962,0.37
07:18:20:45:00,0,80.962,0.37
07:18:20:46:00,0,80.962,0.37
07:18:20:47:00,0,80.962,0.37
07:18:20:48:00,0,80.962,0.37
07:18:20:49:00,0,80.962,0.37
07:18:20:50:00,0,80.962,0.37
07:18:20:51:00,0,80.962,0.37
07:18:20:52:00,0,80.962,0.37
07:18:20:53:00,0,80.962,0.37
07:18:20:54:00,0,80.962,0.37
07:18:20:55:00,0,80.962,0.37
07:18:20:56:00,0,80.962,0.37
07:18:20:57:00,0,80.962,0.37
07:18:20:58:00,0,80.962,0.37
07:18:20:59:00,0,80.962,0.37
07:18:21:00:00,0,75.022,0.43
07:18:21:01:00,0,75.022,0.43
07:18:21:02:00,0,75.022,0.43
07:18:21:03:00,0,75.022,0.43
07:18:21:04:00,0,75.022,0.43
07:18:21:05:00,0,75.022,0.43
07:18:21:06:00,0,75.022,0.43
07:18:21:07:00,0,75.022,0.43
07:18:21:08:00,0,75.022,0.43
07:18:21:09:00,0,75.022,0.43
07:18:21:10:00,0,75.022,0.43
07:18:21:11:00,0,75.022,0.43
07:18:21:12:00,0,75.022,0.43
07:18:21:13:00,0,75.022,0.43
07:18:21:14:00,0,75.022,0.43
07:18:21:15:00,0,75.022,0.43
07:18:21:16:00,0,75.022,0.43
07:18:21:17:00,0,75.022,0.43
07:18:21:18:00,0,75.022,0.43
07:18:21:19:00,0,75.022,0.43
07:18:21:20:00,0,75.022,0.43
07:18:21:21:00,0,75.022,0.43
07:18:21:22:00,0,75.022,0.43
07:18:21:23:00,0,75.022,0.43
07:18:21:24:00,0,75.022,0.43
07:18:21:25:00,0,75.022,0.43
07:18:21:26:00,0,75.022,0.43
07:18:21:27:00,0,75.022,0.43
07:18:21:28:00,0,75.022,0.43
07:18:21:29:00,0,75.022,0.43
07:18:21:30:00,0,75.022,0.43
07:18:21:31:00,0,75.022,0.43
07:18:21:32:00,0,75.022,0.43
07:18:21:33:00,0,75.022,0.43
07:18:21:34:00,0,75.022,0.43
07:18:21:35:00,0,75.022,0.43
07:18:21:36:00,0,75.022,0.43
07:18:21:37:00,0,75.022,0.43
07:18:21:38:00,0,75.022,0.43
07:18:21:39:00,0,75.022,0.43
07:18:21:40:00,0,75.022,0.43
07:18:21:41:00,0,75.022,0.43
07:18:21:42:00,0,75.022,0.43
07:18:21:43:00,0,75.022,0.43
07:18:21:44:00,0,75.022,0.43
07:18:21:45:00,0,75.022,0.43
07:18:21:46:00,0,75.022,0.43
07:18:21:47:00,0,75.022,0.43
07:18:21:48:00,0,75.022,0.43
07:18:21:49:00,0,75.022,0.43
07:18:21:50:00,0,75.022,0.43
07:18:21:51:00,0,75.022,0.43
07:18:21:52:00,0,75.022,0.43
07:18:21:53:00,0,75.022,0.43
07:18:21:54:00,0,75.022,0.43
07:18:21:55:00,0,75.022,0.43
07:18:21:56:00,0,75.022,0.43
07:18:21:57:00,0,75.022,0.43
07:18:21:58:00,0,75.022,0.43
07:18:21:59:00,0,75.022,0.43
07:18:22:00:00,0,73.402,0.44
07:18:22:01:00,0,73.402,0.44
07:18:22:02:00,0,73.402,0.44
07:18:22:03:00,0,73.402,0.44
07:18:22:04:00,0,73.402,0.44
07:18:22:05:00,0,73.402,0.44
07:18:22:06:00,0,73.402,0.44
07:18:22:07:00,0,73.402,0.44
07:18:22:08:00,0,73.402,0.44
07:18:22:09:00,0,73.402,0.44
07:18:22:10:00,0,73.402,0.44
07:18:22:11:00,0,73.402,0.44
07:18:22:12:00,0,73.402,0.44
07:18:22:13:00,0,73.402,0.44
07:18:22:14:00,0,73.402,0.44
07:18:22:15:00,0,73.402,0.44
07:18:22:16:00,0,73.402,0.44
07:18:22:17:00,0,73.402,0.44
07:18:22:18:00,0,73.402,0.44
07:18:22:19:00,0,73.402,0.44
07:18:22:20:00,0,73.402,0.44
07:18:22:21:00,0,73.402,0.44
07:18:22:22:00,0,73.402,0.44
07:18:22:23:00,0,73.402,0.44
07:18:22:24:00,0,73.402,0.44
07:18:22:25:00,0,73.402,0.44
07:18:22:26:00,0,73.402,0.44
07:18:22:27:00,0,73.402,0.44
07:18:22:28:00,0,73.402,0.44
07:18:22:29:00,0,73.402,0.44
07:18:22:30:00,0,73.402,0.44
07:18:22:31:00,0,73.402,0.44
07:18:22:32:00,0,73.402,0.44
07:18:22:33:00,0,73.402,0.44
07:18:22:34:00,0,73.402,0.44
07:18:22:35:00,0,73.402,0.44
07:18:22:36:00,0,73.402,0.44
07:18:22:37:00,0,73.402,0.44
07:18:22:38:00,0,73.402,0.44
07:18:22:39:00,0,73.402,0.44
07:18:22:40:00,0,73.402,0.44
07:18:22:41:00,0,73.402,0.44
07:18:22:42:00,0,73.402,0.44
07:18:22:43:00,0,73.402,0.44
07:18:22:44:00,0,73.402,0.44
07:18:22:45:00,0,73.402,0.44
07:18:22:46:00,0,73.402,0.44
07:18:22:47:00,0,73.402,0.44
07:18:22:48:00,0,73.402,0.44
07:18:22:49:00,0,73.402,0.44
07:18:22:50:00,0,73.402,0.44
07:18:22:51:00,0,73.402,0.44
07:18:22:52:00,0,73.402,0.44
07:18:22:53:00,0,73.402,0.44
07:18:22:54:00,0,73.402,0.44
07:18:22:55:00,0,73.402,0.44
07:18:22:56:00,0,73.402,0.44
07:18:22:57:00,0,73.402,0.44
07:18:22:58:00,0,73.402,0.44
07:18:22:59:00,0,73.402,0.44
07:18:23:00:00,0,71.602,0.46
07:18:23:01:00,0,71.602,0.46
07:18:23:02:00,0,71.602,0.46
07:18:23:03:00,0,71.602,0.46
07:18:23:04:00,0,71.602,0.46
07:18:23:05:00,0,71.602,0.46
07:18:23:06:00,0,71.602,0.46
07:18:23:07:00,0,71.602,0.46
07:18:23:08:00,0,71.602,0.46
07:18:23:09:00,0,71.602,0.46
07:18:23:10:00,0,71.602,0.46
07:18:23:11:00,0,71.602,0.46
07:18:23:12:00,0,71.602,0.46
07:18:23:13:00,0,71.602,0.46
07:18:23:14:00,0,71.602,0.46
07:18:23:15:00,0,71.602,0.46
07:18:23:16:00,0,71.602,0.46
07:18:23:17:00,0,71.602,0.46
07:18:23:18:00,0,71.602,0.46
07:18:23:19:00,0,71.602,0.46
07:18:23:20:00,0,71.602,0.46
07:18:23:21:00,0,71.602,0.46
07:18:23:22:00,0,71.602,0.46
07:18:23:23:00,0,71.602,0.46
07:18:23:24:00,0,71.602,0.46
07:18:23:25:00,0,71.602,0.46
07:18:23:26:00,0,71.602,0.46
07:18:23:27:00,0,71.602,0.46
07:18:23:28:00,0,71.602,0.46
07:18:23:29:00,0,71.602,0.46
07:18:23:30:00,0,71.602,0.46
07:18:23:31:00,0,71.602,0.46
07:18:23:32:00,0,71.602,0.46
07:18:23:33:00,0,71.602,0.46
07:18:23:34:00,0,71.602,0.46
07:18:23:35:00,0,71.602,0.46
07:18:23:36:00,0,71.602,0.46
07:18:23:37:00,0,71.602,0.46
07:18:23:38:00,0,71.602,0.46
07:18:23:39:00,0,71.602,0.46
07:18:23:40:00,0,71.602,0.46
07:18:23:41:00,0,71.602,0.46
07:18:23:42:00,0,71.602,0.46
07:18:23:43:00,0,71.602,0.46
07:18:23:44:00,0,71.602,0.46
07:18:23:45:00,0,71.602,0.46
07:18:23:46:00,0,71.602,0.46
07:18:23:47:00,0,71.602,0.46
07:18:23:48:00,0,71.602,0.46
07:18:23:49:00,0,71.602,0.46
07:18:23:50:00,0,71.602,0.46
07:18:23:51:00,0,71.602,0.46
07:18:23:52:00,0,71.602,0.46
07:18:23:53:00,0,71.602,0.46
07:18:23:54:00,0,71.602,0.46
07:18:23:55:00,0,71.602,0.46
07:18:23:56:00,0,71.602,0.46
07:18:23:57:00,0,71.602,0.46
07:18:23:58:00,0,71.602,0.46
07:18:23:59:00,0,71.602,0.46
